-- MySQL dump 10.13  Distrib 8.0.43, for Win64 (x86_64)
--
-- Host: localhost    Database: airline_db
-- ------------------------------------------------------
-- Server version	8.0.43

/*!40101 SET @OLD_CHARACTER_SET_CLIENT=@@CHARACTER_SET_CLIENT */;
/*!40101 SET @OLD_CHARACTER_SET_RESULTS=@@CHARACTER_SET_RESULTS */;
/*!40101 SET @OLD_COLLATION_CONNECTION=@@COLLATION_CONNECTION */;
/*!50503 SET NAMES utf8 */;
/*!40103 SET @OLD_TIME_ZONE=@@TIME_ZONE */;
/*!40103 SET TIME_ZONE='+00:00' */;
/*!40014 SET @OLD_UNIQUE_CHECKS=@@UNIQUE_CHECKS, UNIQUE_CHECKS=0 */;
/*!40014 SET @OLD_FOREIGN_KEY_CHECKS=@@FOREIGN_KEY_CHECKS, FOREIGN_KEY_CHECKS=0 */;
/*!40101 SET @OLD_SQL_MODE=@@SQL_MODE, SQL_MODE='NO_AUTO_VALUE_ON_ZERO' */;
/*!40111 SET @OLD_SQL_NOTES=@@SQL_NOTES, SQL_NOTES=0 */;

--
-- Table structure for table `admins`
--

DROP TABLE IF EXISTS `admins`;
/*!40101 SET @saved_cs_client     = @@character_set_client */;
/*!50503 SET character_set_client = utf8mb4 */;
CREATE TABLE `admins` (
  `id` bigint NOT NULL AUTO_INCREMENT,
  `email` varchar(255) NOT NULL,
  `password` varchar(255) NOT NULL,
  `username` varchar(255) NOT NULL,
  PRIMARY KEY (`id`),
  UNIQUE KEY `UKmi8vkhus4xbdbqcac2jm4spvd` (`username`)
) ENGINE=InnoDB AUTO_INCREMENT=3 DEFAULT CHARSET=utf8mb4 COLLATE=utf8mb4_0900_ai_ci;
/*!40101 SET character_set_client = @saved_cs_client */;

--
-- Dumping data for table `admins`
--

LOCK TABLES `admins` WRITE;
/*!40000 ALTER TABLE `admins` DISABLE KEYS */;
INSERT INTO `admins` VALUES (1,'admin@skywings.com','admin123','admin'),(2,'manager@skywings.com','manager123','manager');
/*!40000 ALTER TABLE `admins` ENABLE KEYS */;
UNLOCK TABLES;

--
-- Table structure for table `bookings`
--

DROP TABLE IF EXISTS `bookings`;
/*!40101 SET @saved_cs_client     = @@character_set_client */;
/*!50503 SET character_set_client = utf8mb4 */;
CREATE TABLE `bookings` (
  `id` bigint NOT NULL AUTO_INCREMENT,
  `booking_date` datetime(6) NOT NULL,
  `number_of_seats` int NOT NULL,
  `seat_number` varchar(255) DEFAULT NULL,
  `flight_class` varchar(255) DEFAULT NULL,
  `luggage_weight` double DEFAULT '0',
  `luggage_charges` double DEFAULT '0',
  `is_connecting` tinyint(1) DEFAULT '0',
  `connecting_flight_id` bigint DEFAULT NULL,
  `status` varchar(255) NOT NULL,
  `total_amount` double NOT NULL,
  `flight_id` bigint NOT NULL,
  `passenger_id` bigint NOT NULL,
  PRIMARY KEY (`id`),
  KEY `FKidcytqkgq0ve4x1elcnbmdy8a` (`flight_id`),
  KEY `FKdrfy7gcwhtaubn8vgbc4jv989` (`passenger_id`),
  CONSTRAINT `FKdrfy7gcwhtaubn8vgbc4jv989` FOREIGN KEY (`passenger_id`) REFERENCES `passengers` (`id`),
  CONSTRAINT `FKidcytqkgq0ve4x1elcnbmdy8a` FOREIGN KEY (`flight_id`) REFERENCES `flights` (`id`)
) ENGINE=InnoDB AUTO_INCREMENT=25 DEFAULT CHARSET=utf8mb4 COLLATE=utf8mb4_0900_ai_ci;
/*!40101 SET character_set_client = @saved_cs_client */;

--
-- Dumping data for table `bookings`
--

LOCK TABLES `bookings` WRITE;
/*!40000 ALTER TABLE `bookings` DISABLE KEYS */;
INSERT INTO `bookings` VALUES (1,'2025-10-18 10:30:00.000000',2,'A1, A2','ECONOMY',0,0,0,NULL,'CANCELLED',11000,1,1),(2,'2025-10-18 11:45:00.000000',1,'B5','ECONOMY',0,0,0,NULL,'CONFIRMED',4500,3,2),(3,'2025-10-18 14:20:00.000000',3,'C1, C2, C3','ECONOMY',0,0,0,NULL,'CONFIRMED',18000,5,3),(4,'2025-10-18 16:30:00.000000',1,'D10','ECONOMY',0,0,0,NULL,'CONFIRMED',3500,9,4),(5,'2025-10-18 17:45:00.000000',2,'E1, E2','ECONOMY',0,0,0,NULL,'CANCELLED',10000,12,5),(6,'2025-10-18 20:23:47.664371',4,NULL,'ECONOMY',0,0,0,NULL,'CONFIRMED',22000,1,2),(7,'2025-10-20 20:14:09.365789',1,NULL,NULL,NULL,0,NULL,NULL,'CANCELLED',4500,3,1),(8,'2025-10-20 20:15:20.099450',1,NULL,NULL,NULL,0,NULL,NULL,'CANCELLED',5500,1,1),(9,'2025-10-21 11:51:43.193656',1,NULL,NULL,NULL,0,NULL,NULL,'CANCELLED',5500,1,1),(10,'2025-10-22 12:03:22.757868',1,NULL,NULL,NULL,0,NULL,NULL,'CONFIRMED',4500,3,1),(11,'2025-10-22 12:06:55.369779',1,NULL,NULL,NULL,0,NULL,NULL,'CONFIRMED',3300,27,1),(12,'2025-10-22 21:08:24.534467',1,NULL,NULL,NULL,0,NULL,NULL,'CONFIRMED',3300,27,1),(13,'2025-10-22 21:11:56.135298',1,NULL,NULL,NULL,0,NULL,NULL,'CONFIRMED',5500,1,1),(14,'2025-10-23 08:49:36.563952',1,NULL,NULL,NULL,0,NULL,NULL,'CONFIRMED',3300,27,1),(15,'2025-10-23 09:02:23.647819',1,NULL,NULL,NULL,0,NULL,NULL,'CONFIRMED',5500,1,1),(16,'2025-10-23 09:06:40.051329',1,NULL,NULL,NULL,0,NULL,NULL,'CONFIRMED',3300,27,1),(17,'2025-10-23 09:08:55.260434',1,NULL,NULL,NULL,0,NULL,NULL,'CONFIRMED',3300,27,1),(18,'2025-10-23 18:40:53.996302',1,'15B','FIRST',100,600,1,22,'CONFIRMED',22500,27,1),(19,'2025-10-23 18:44:20.587182',1,'29B','BUSINESS',78,480,0,NULL,'CONFIRMED',9480,3,1),(20,'2025-10-23 21:39:20.378540',1,'11A','BUSINESS',53,230,1,22,'CONFIRMED',14830,27,1),(21,'2025-10-24 12:32:53.809413',1,'12C','BUSINESS',58,280,1,22,'CONFIRMED',14880,27,3),(22,'2025-10-24 12:47:40.549132',1,'16A','FIRST',69,290,1,22,'CONFIRMED',22190,27,6),(23,'2025-10-24 19:26:11.823148',1,'22C','ECONOMY',20,0,0,NULL,'CONFIRMED',5500,1,2),(24,'2025-10-24 19:28:09.890735',1,'21A','ECONOMY',100,800,0,NULL,'CONFIRMED',6300,1,2);
/*!40000 ALTER TABLE `bookings` ENABLE KEYS */;
UNLOCK TABLES;

--
-- Table structure for table `flights`
--

DROP TABLE IF EXISTS `flights`;
/*!40101 SET @saved_cs_client     = @@character_set_client */;
/*!50503 SET character_set_client = utf8mb4 */;
CREATE TABLE `flights` (
  `id` bigint NOT NULL AUTO_INCREMENT,
  `airline` varchar(255) DEFAULT NULL,
  `arrival_time` time(6) NOT NULL,
  `available_seats` int NOT NULL,
  `economy_seats` int DEFAULT '150',
  `business_seats` int DEFAULT '30',
  `first_class_seats` int DEFAULT '10',
  `economy_price` double DEFAULT NULL,
  `business_price` double DEFAULT NULL,
  `first_class_price` double DEFAULT NULL,
  `departure_date` date NOT NULL,
  `departure_time` time(6) NOT NULL,
  `destination` varchar(255) NOT NULL,
  `flight_number` varchar(255) NOT NULL,
  `price` double NOT NULL,
  `source` varchar(255) NOT NULL,
  `total_seats` int NOT NULL,
  PRIMARY KEY (`id`),
  UNIQUE KEY `UK6bx3i9v6ikjiy0ru5ybor8t7` (`flight_number`)
) ENGINE=InnoDB AUTO_INCREMENT=43 DEFAULT CHARSET=utf8mb4 COLLATE=utf8mb4_0900_ai_ci;
/*!40101 SET character_set_client = @saved_cs_client */;

--
-- Dumping data for table `flights`
--

LOCK TABLES `flights` WRITE;
/*!40000 ALTER TABLE `flights` DISABLE KEYS */;
INSERT INTO `flights` VALUES (1,'Air India','08:30:00.000000',174,135,36,9,5500,11000,16500,'2025-10-25','06:00:00.000000','MUM','AI101',5500,'DEL',180),(2,'Air India','11:30:00.000000',180,135,36,9,5500,11000,16500,'2025-10-25','09:00:00.000000','DEL','AI102',5500,'MUM',180),(3,'IndiGo','16:30:00.000000',184,139,37,9,4500,9000,13500,'2025-10-25','14:00:00.000000','MUM','6E201',4500,'DEL',186),(4,'SpiceJet','20:30:00.000000',150,112,30,7,4200,8400,12600,'2025-10-25','18:00:00.000000','DEL','SG301',4200,'MUM',150),(5,'Air India','10:00:00.000000',180,135,36,9,6000,12000,18000,'2025-10-26','07:30:00.000000','BLR','AI103',6000,'DEL',180),(6,'IndiGo','13:30:00.000000',186,139,37,9,5800,11600,17400,'2025-10-26','11:00:00.000000','DEL','6E202',5800,'BLR',186),(7,'Vistara','17:30:00.000000',156,117,31,7,6500,13000,19500,'2025-10-26','15:00:00.000000','BLR','UK401',6500,'DEL',156),(8,'SpiceJet','21:30:00.000000',150,112,30,7,5500,11000,16500,'2025-10-26','19:00:00.000000','DEL','SG302',5500,'BLR',150),(9,'Air India','09:30:00.000000',180,135,36,9,3500,7000,10500,'2025-10-27','08:00:00.000000','BLR','AI104',3500,'MUM',180),(10,'IndiGo','11:30:00.000000',186,139,37,9,3300,6600,9900,'2025-10-27','10:00:00.000000','MUM','6E203',3300,'BLR',186),(11,'Vistara','17:30:00.000000',156,117,31,7,3800,7600,11400,'2025-10-27','16:00:00.000000','BLR','UK402',3800,'MUM',156),(12,'Air India','09:00:00.000000',180,135,36,9,5000,10000,15000,'2025-10-28','06:30:00.000000','HYD','AI105',5000,'DEL',180),(13,'IndiGo','12:30:00.000000',186,139,37,9,4800,9600,14400,'2025-10-28','10:00:00.000000','DEL','6E204',4800,'HYD',186),(14,'SpiceJet','16:30:00.000000',150,112,30,7,4500,9000,13500,'2025-10-28','14:00:00.000000','HYD','SG303',4500,'DEL',150),(15,'Air India','09:30:00.000000',180,135,36,9,5500,11000,16500,'2025-10-29','07:00:00.000000','MAA','AI106',5500,'MUM',180),(16,'IndiGo','13:30:00.000000',186,139,37,9,5300,10600,15900,'2025-10-29','11:00:00.000000','MUM','6E205',5300,'MAA',186),(17,'Vistara','19:30:00.000000',156,117,31,7,5800,11600,17400,'2025-10-29','17:00:00.000000','MAA','UK403',5800,'MUM',156),(18,'Air India','10:30:00.000000',180,135,36,9,5200,10400,15600,'2025-10-30','08:00:00.000000','CCU','AI107',5200,'DEL',180),(19,'IndiGo','14:30:00.000000',186,139,37,9,5000,10000,15000,'2025-10-30','12:00:00.000000','DEL','6E206',5000,'CCU',186),(20,'SpiceJet','18:30:00.000000',150,112,30,7,4800,9600,14400,'2025-10-30','16:00:00.000000','CCU','SG304',4800,'DEL',150),(21,'IndiGo','14:30:00.000000',186,139,37,9,4000,8000,12000,'2025-10-28','13:00:00.000000','BLR','6E207',4000,'HYD',186),(22,'Air India','18:30:00.000000',180,135,36,9,4000,8000,12000,'2025-10-28','17:00:00.000000','HYD','AI108',4000,'BLR',180),(23,'Vistara','11:30:00.000000',156,117,31,7,5000,10000,15000,'2025-10-29','09:00:00.000000','BLR','UK404',5000,'DEL',156),(24,'IndiGo','15:30:00.000000',186,139,37,9,5000,10000,15000,'2025-10-29','13:00:00.000000','DEL','6E208',5000,'BLR',186),(25,'SpiceJet','07:30:00.000000',150,112,30,7,4200,8400,12600,'2025-10-30','06:00:00.000000','MAA','SG305',4200,'HYD',150),(26,'Air India','10:30:00.000000',180,135,36,9,4200,8400,12600,'2025-10-30','09:00:00.000000','HYD','AI109',4200,'MAA',180),(27,'IndiGo','11:30:00.000000',177,139,37,10,3300,6600,9900,'2025-10-28','10:00:00.000000','BLR','6E301',3300,'MUM',186),(28,'IndiGo','14:00:00.000000',186,139,37,10,3500,7000,10500,'2025-10-28','12:00:00.000000','HYD','6E302',3500,'BLR',186),(29,'Vistara','15:30:00.000000',156,117,31,7,3800,7600,11400,'2025-10-28','13:30:00.000000','MUM','UK501',3800,'DEL',156),(30,'Vistara','18:30:00.000000',156,117,31,7,4000,8000,12000,'2025-10-29','16:00:00.000000','MAA','UK502',4000,'MUM',156),(31,'Air India','12:00:00.000000',180,135,36,9,5000,10000,15000,'2025-10-30','10:30:00.000000','DEL','AI301',5000,'BLR',180),(32,'Air India','14:30:00.000000',180,135,36,9,5200,10400,15600,'2025-10-30','13:00:00.000000','JAI','AI302',5200,'DEL',180),(33,'SpiceJet','11:00:00.000000',150,112,30,7,4500,9000,13500,'2025-10-31','09:00:00.000000','HYD','SG401',4500,'MAA',150),(34,'SpiceJet','15:00:00.000000',150,112,30,7,4800,9600,14400,'2025-10-31','12:00:00.000000','CCU','SG402',4800,'HYD',150),(35,'IndiGo','13:30:00.000000',186,139,37,9,5000,10000,15000,'2025-11-01','11:30:00.000000','DEL','6E401',5000,'CCU',186),(36,'IndiGo','17:00:00.000000',186,139,37,9,5300,10600,15900,'2025-11-01','15:00:00.000000','MUM','6E402',5300,'DEL',186);
/*!40000 ALTER TABLE `flights` ENABLE KEYS */;
UNLOCK TABLES;

--
-- Table structure for table `passengers`
--

DROP TABLE IF EXISTS `passengers`;
/*!40101 SET @saved_cs_client     = @@character_set_client */;
/*!50503 SET character_set_client = utf8mb4 */;
CREATE TABLE `passengers` (
  `id` bigint NOT NULL AUTO_INCREMENT,
  `age` int DEFAULT NULL,
  `email` varchar(255) NOT NULL,
  `first_name` varchar(255) NOT NULL,
  `gender` varchar(255) DEFAULT NULL,
  `last_name` varchar(255) NOT NULL,
  `password` varchar(255) NOT NULL,
  `phone` varchar(255) NOT NULL,
  `photo_url` varchar(255) DEFAULT NULL,
  PRIMARY KEY (`id`),
  UNIQUE KEY `UKhe2lxmd479lr1c8ox64s625gu` (`email`)
) ENGINE=InnoDB AUTO_INCREMENT=12 DEFAULT CHARSET=utf8mb4 COLLATE=utf8mb4_0900_ai_ci;
/*!40101 SET character_set_client = @saved_cs_client */;

--
-- Dumping data for table `passengers`
--

LOCK TABLES `passengers` WRITE;
/*!40000 ALTER TABLE `passengers` DISABLE KEYS */;
INSERT INTO `passengers` VALUES (1,28,'rahul@test.com','Rahul','Male','Sharma','password123','9876543210',NULL),(2,25,'priya@test.com','Priya','Female','Verma','password123','9876543211',NULL),(3,32,'amit@test.com','Amit','Male','Kumar','password123','9876543212',NULL),(4,27,'sneha@test.com','Sneha','Female','Patel','password123','9876543213',NULL),(5,35,'vikram@test.com','Vikram','Male','Singh','password123','9876543214',NULL),(6,29,'anita@test.com','Anita','Female','Reddy','password123','9876543215',NULL),(7,40,'rajesh@test.com','Rajesh','Male','Gupta','password123','9876543216',NULL),(8,31,'kavita@test.com','Kavita','Female','Jain','password123','9876543217',NULL),(9,26,'arjun@test.com','Arjun','Male','Rao','password123','9876543218',NULL),(10,24,'divya@test.com','Divya','Female','Mehta','password123','9876543219',NULL);
/*!40000 ALTER TABLE `passengers` ENABLE KEYS */;
UNLOCK TABLES;

--
-- Table structure for table `payments`
--

DROP TABLE IF EXISTS `payments`;
/*!40101 SET @saved_cs_client     = @@character_set_client */;
/*!50503 SET character_set_client = utf8mb4 */;
CREATE TABLE `payments` (
  `id` bigint NOT NULL AUTO_INCREMENT,
  `amount` double NOT NULL,
  `payment_date` datetime(6) NOT NULL,
  `payment_method` varchar(255) NOT NULL,
  `payment_status` varchar(255) NOT NULL,
  `transaction_id` varchar(255) DEFAULT NULL,
  `booking_id` bigint NOT NULL,
  PRIMARY KEY (`id`),
  UNIQUE KEY `UKnuscjm6x127hkb15kcb8n56wo` (`booking_id`),
  CONSTRAINT `FKc52o2b1jkxttngufqp3t7jr3h` FOREIGN KEY (`booking_id`) REFERENCES `bookings` (`id`)
) ENGINE=InnoDB AUTO_INCREMENT=9 DEFAULT CHARSET=utf8mb4 COLLATE=utf8mb4_0900_ai_ci;
/*!40101 SET character_set_client = @saved_cs_client */;

--
-- Dumping data for table `payments`
--

LOCK TABLES `payments` WRITE;
/*!40000 ALTER TABLE `payments` DISABLE KEYS */;
INSERT INTO `payments` VALUES (1,11000,'2025-10-18 10:32:00.000000','CARD','SUCCESS','TXN1001234567890',1),(2,4500,'2025-10-18 11:47:00.000000','UPI','SUCCESS','TXN1001234567891',2),(3,18000,'2025-10-18 14:22:00.000000','NET_BANKING','SUCCESS','TXN1001234567892',3),(4,3500,'2025-10-18 16:32:00.000000','CARD','SUCCESS','TXN1001234567893',4),(5,22000,'2025-10-18 20:28:16.227331','CARD','SUCCESS','9839bb27-9919-419d-bed8-340460361bfc',6),(6,4500,'2025-10-20 20:14:26.311811','NET_BANKING','SUCCESS','0a6e5958-c007-4e60-9917-282957ccde24',7),(7,5500,'2025-10-20 20:15:50.693069','UPI','SUCCESS','266651b8-9b29-4c6a-8fcd-b95b16407e71',8),(8,5500,'2025-10-21 11:52:19.809724','NET_BANKING','SUCCESS','14a31913-2123-4973-8286-074d208cca3c',9);
/*!40000 ALTER TABLE `payments` ENABLE KEYS */;
UNLOCK TABLES;

--
-- Table structure for table `seats`
--

DROP TABLE IF EXISTS `seats`;
/*!40101 SET @saved_cs_client     = @@character_set_client */;
/*!50503 SET character_set_client = utf8mb4 */;
CREATE TABLE `seats` (
  `id` bigint NOT NULL AUTO_INCREMENT,
  `flight_id` bigint NOT NULL,
  `seat_number` varchar(255) NOT NULL,
  `seat_class` varchar(255) NOT NULL,
  `is_available` tinyint(1) DEFAULT '1',
  PRIMARY KEY (`id`),
  UNIQUE KEY `unique_seat` (`flight_id`,`seat_number`),
  CONSTRAINT `seats_ibfk_1` FOREIGN KEY (`flight_id`) REFERENCES `flights` (`id`) ON DELETE CASCADE
) ENGINE=InnoDB AUTO_INCREMENT=3835 DEFAULT CHARSET=utf8mb4 COLLATE=utf8mb4_0900_ai_ci;
/*!40101 SET character_set_client = @saved_cs_client */;

--
-- Dumping data for table `seats`
--

LOCK TABLES `seats` WRITE;
/*!40000 ALTER TABLE `seats` DISABLE KEYS */;
INSERT INTO `seats` VALUES (1,3,'1A','ECONOMY',1),(2,3,'1B','ECONOMY',1),(3,3,'1C','ECONOMY',1),(4,3,'1D','ECONOMY',1),(5,3,'1E','ECONOMY',1),(6,3,'1F','ECONOMY',1),(7,3,'2A','ECONOMY',1),(8,3,'2B','ECONOMY',1),(9,3,'2C','ECONOMY',1),(10,3,'2D','ECONOMY',1),(11,3,'2E','ECONOMY',1),(12,3,'2F','ECONOMY',1),(13,3,'3A','ECONOMY',1),(14,3,'3B','ECONOMY',1),(15,3,'3C','ECONOMY',1),(16,3,'3D','ECONOMY',1),(17,3,'3E','ECONOMY',1),(18,3,'3F','ECONOMY',1),(19,3,'4A','ECONOMY',1),(20,3,'4B','ECONOMY',1),(21,3,'4C','ECONOMY',1),(22,3,'4D','ECONOMY',1),(23,3,'4E','ECONOMY',1),(24,3,'4F','ECONOMY',1),(25,3,'5A','ECONOMY',1),(26,3,'5B','ECONOMY',1),(27,3,'5C','ECONOMY',1),(28,3,'5D','ECONOMY',1),(29,3,'5E','ECONOMY',1),(30,3,'5F','ECONOMY',1),(31,3,'6A','ECONOMY',1),(32,3,'6B','ECONOMY',1),(33,3,'6C','ECONOMY',1),(34,3,'6D','ECONOMY',1),(35,3,'6E','ECONOMY',1),(36,3,'6F','ECONOMY',1),(37,3,'7A','ECONOMY',1),(38,3,'7B','ECONOMY',1),(39,3,'7C','ECONOMY',1),(40,3,'7D','ECONOMY',1),(41,3,'7E','ECONOMY',1),(42,3,'7F','ECONOMY',1),(43,3,'8A','ECONOMY',1),(44,3,'8B','ECONOMY',1),(45,3,'8C','ECONOMY',1),(46,3,'8D','ECONOMY',1),(47,3,'8E','ECONOMY',1),(48,3,'8F','ECONOMY',1),(49,3,'9A','ECONOMY',1),(50,3,'9B','ECONOMY',1),(51,3,'9C','ECONOMY',1),(52,3,'9D','ECONOMY',1),(53,3,'9E','ECONOMY',1),(54,3,'9F','ECONOMY',1),(55,3,'10A','ECONOMY',1),(56,3,'10B','ECONOMY',1),(57,3,'10C','ECONOMY',1),(58,3,'10D','ECONOMY',1),(59,3,'10E','ECONOMY',1),(60,3,'10F','ECONOMY',1),(61,3,'11A','ECONOMY',1),(62,3,'11B','ECONOMY',1),(63,3,'11C','ECONOMY',1),(64,3,'11D','ECONOMY',1),(65,3,'11E','ECONOMY',1),(66,3,'11F','ECONOMY',1),(67,3,'12A','ECONOMY',1),(68,3,'12B','ECONOMY',1),(69,3,'12C','ECONOMY',1),(70,3,'12D','ECONOMY',1),(71,3,'12E','ECONOMY',1),(72,3,'12F','ECONOMY',1),(73,3,'13A','ECONOMY',1),(74,3,'13B','ECONOMY',1),(75,3,'13C','ECONOMY',1),(76,3,'13D','ECONOMY',1),(77,3,'13E','ECONOMY',1),(78,3,'13F','ECONOMY',1),(79,3,'14A','ECONOMY',1),(80,3,'14B','ECONOMY',1),(81,3,'14C','ECONOMY',1),(82,3,'14D','ECONOMY',1),(83,3,'14E','ECONOMY',1),(84,3,'14F','ECONOMY',1),(85,3,'15A','ECONOMY',1),(86,3,'15B','ECONOMY',1),(87,3,'15C','ECONOMY',1),(88,3,'15D','ECONOMY',1),(89,3,'15E','ECONOMY',1),(90,3,'15F','ECONOMY',1),(91,3,'16A','ECONOMY',1),(92,3,'16B','ECONOMY',1),(93,3,'16C','ECONOMY',1),(94,3,'16D','ECONOMY',1),(95,3,'16E','ECONOMY',1),(96,3,'16F','ECONOMY',1),(97,3,'17A','ECONOMY',1),(98,3,'17B','ECONOMY',1),(99,3,'17C','ECONOMY',1),(100,3,'17D','ECONOMY',1),(101,3,'17E','ECONOMY',1),(102,3,'17F','ECONOMY',1),(103,3,'18A','ECONOMY',1),(104,3,'18B','ECONOMY',1),(105,3,'18C','ECONOMY',1),(106,3,'18D','ECONOMY',1),(107,3,'18E','ECONOMY',1),(108,3,'18F','ECONOMY',1),(109,3,'19A','ECONOMY',1),(110,3,'19B','ECONOMY',1),(111,3,'19C','ECONOMY',1),(112,3,'19D','ECONOMY',1),(113,3,'19E','ECONOMY',1),(114,3,'19F','ECONOMY',1),(115,3,'20A','ECONOMY',1),(116,3,'20B','ECONOMY',1),(117,3,'20C','ECONOMY',1),(118,3,'20D','ECONOMY',1),(119,3,'20E','ECONOMY',1),(120,3,'20F','ECONOMY',1),(121,3,'21A','ECONOMY',1),(122,3,'21B','ECONOMY',1),(123,3,'21C','ECONOMY',1),(124,3,'21D','ECONOMY',1),(125,3,'21E','ECONOMY',1),(126,3,'21F','ECONOMY',1),(127,3,'22A','ECONOMY',1),(128,3,'22B','ECONOMY',1),(129,3,'22C','ECONOMY',1),(130,3,'22D','ECONOMY',1),(131,3,'22E','ECONOMY',1),(132,3,'22F','ECONOMY',1),(133,3,'23A','ECONOMY',1),(134,3,'23B','ECONOMY',1),(135,3,'23C','ECONOMY',1),(136,3,'23D','ECONOMY',1),(137,3,'23E','ECONOMY',1),(138,3,'23F','ECONOMY',1),(139,3,'24A','ECONOMY',1),(140,3,'24B','ECONOMY',1),(141,3,'24C','ECONOMY',1),(142,3,'24D','ECONOMY',1),(143,3,'24E','ECONOMY',1),(144,3,'24F','ECONOMY',1),(145,3,'25A','ECONOMY',1),(146,3,'25B','ECONOMY',1),(147,3,'25C','ECONOMY',1),(148,3,'25D','ECONOMY',1),(149,3,'25E','ECONOMY',1),(150,3,'25F','ECONOMY',1),(151,3,'26A','BUSINESS',1),(152,3,'26B','BUSINESS',1),(153,3,'26C','BUSINESS',1),(154,3,'26D','BUSINESS',1),(155,3,'26E','BUSINESS',1),(156,3,'27A','BUSINESS',1),(157,3,'27B','BUSINESS',1),(158,3,'27C','BUSINESS',1),(159,3,'27D','BUSINESS',1),(160,3,'27E','BUSINESS',1),(161,3,'28A','BUSINESS',1),(162,3,'28B','BUSINESS',1),(163,3,'28C','BUSINESS',1),(164,3,'28D','BUSINESS',1),(165,3,'28E','BUSINESS',1),(166,3,'29A','BUSINESS',1),(167,3,'29B','BUSINESS',0),(168,3,'29C','BUSINESS',1),(169,3,'29D','BUSINESS',1),(170,3,'29E','BUSINESS',1),(171,3,'30A','BUSINESS',1),(172,3,'30B','BUSINESS',1),(173,3,'30C','BUSINESS',1),(174,3,'30D','BUSINESS',1),(175,3,'30E','BUSINESS',1),(176,3,'31A','BUSINESS',1),(177,3,'31B','BUSINESS',1),(178,3,'31C','BUSINESS',1),(179,3,'31D','BUSINESS',1),(180,3,'31E','BUSINESS',1),(181,3,'32A','FIRST',1),(182,3,'32B','FIRST',1),(183,3,'32C','FIRST',1),(184,3,'32D','FIRST',1),(185,3,'33A','FIRST',1),(186,3,'33B','FIRST',1),(187,3,'33C','FIRST',1),(188,3,'33D','FIRST',1),(189,6,'1A','ECONOMY',1),(190,6,'1B','ECONOMY',1),(191,6,'1C','ECONOMY',1),(192,6,'1D','ECONOMY',1),(193,6,'1E','ECONOMY',1),(194,6,'1F','ECONOMY',1),(195,6,'2A','ECONOMY',1),(196,6,'2B','ECONOMY',1),(197,6,'2C','ECONOMY',1),(198,6,'2D','ECONOMY',1),(199,6,'2E','ECONOMY',1),(200,6,'2F','ECONOMY',1),(201,6,'3A','ECONOMY',1),(202,6,'3B','ECONOMY',1),(203,6,'3C','ECONOMY',1),(204,6,'3D','ECONOMY',1),(205,6,'3E','ECONOMY',1),(206,6,'3F','ECONOMY',1),(207,6,'4A','ECONOMY',1),(208,6,'4B','ECONOMY',1),(209,6,'4C','ECONOMY',1),(210,6,'4D','ECONOMY',1),(211,6,'4E','ECONOMY',1),(212,6,'4F','ECONOMY',1),(213,6,'5A','ECONOMY',1),(214,6,'5B','ECONOMY',1),(215,6,'5C','ECONOMY',1),(216,6,'5D','ECONOMY',1),(217,6,'5E','ECONOMY',1),(218,6,'5F','ECONOMY',1),(219,6,'6A','ECONOMY',1),(220,6,'6B','ECONOMY',1),(221,6,'6C','ECONOMY',1),(222,6,'6D','ECONOMY',1),(223,6,'6E','ECONOMY',1),(224,6,'6F','ECONOMY',1),(225,6,'7A','ECONOMY',1),(226,6,'7B','ECONOMY',1),(227,6,'7C','ECONOMY',1),(228,6,'7D','ECONOMY',1),(229,6,'7E','ECONOMY',1),(230,6,'7F','ECONOMY',1),(231,6,'8A','ECONOMY',1),(232,6,'8B','ECONOMY',1),(233,6,'8C','ECONOMY',1),(234,6,'8D','ECONOMY',1),(235,6,'8E','ECONOMY',1),(236,6,'8F','ECONOMY',1),(237,6,'9A','ECONOMY',1),(238,6,'9B','ECONOMY',1),(239,6,'9C','ECONOMY',1),(240,6,'9D','ECONOMY',1),(241,6,'9E','ECONOMY',1),(242,6,'9F','ECONOMY',1),(243,6,'10A','ECONOMY',1),(244,6,'10B','ECONOMY',1),(245,6,'10C','ECONOMY',1),(246,6,'10D','ECONOMY',1),(247,6,'10E','ECONOMY',1),(248,6,'10F','ECONOMY',1),(249,6,'11A','ECONOMY',1),(250,6,'11B','ECONOMY',1),(251,6,'11C','ECONOMY',1),(252,6,'11D','ECONOMY',1),(253,6,'11E','ECONOMY',1),(254,6,'11F','ECONOMY',1),(255,6,'12A','ECONOMY',1),(256,6,'12B','ECONOMY',1),(257,6,'12C','ECONOMY',1),(258,6,'12D','ECONOMY',1),(259,6,'12E','ECONOMY',1),(260,6,'12F','ECONOMY',1),(261,6,'13A','ECONOMY',1),(262,6,'13B','ECONOMY',1),(263,6,'13C','ECONOMY',1),(264,6,'13D','ECONOMY',1),(265,6,'13E','ECONOMY',1),(266,6,'13F','ECONOMY',1),(267,6,'14A','ECONOMY',1),(268,6,'14B','ECONOMY',1),(269,6,'14C','ECONOMY',1),(270,6,'14D','ECONOMY',1),(271,6,'14E','ECONOMY',1),(272,6,'14F','ECONOMY',1),(273,6,'15A','ECONOMY',1),(274,6,'15B','ECONOMY',1),(275,6,'15C','ECONOMY',1),(276,6,'15D','ECONOMY',1),(277,6,'15E','ECONOMY',1),(278,6,'15F','ECONOMY',1),(279,6,'16A','ECONOMY',1),(280,6,'16B','ECONOMY',1),(281,6,'16C','ECONOMY',1),(282,6,'16D','ECONOMY',1),(283,6,'16E','ECONOMY',1),(284,6,'16F','ECONOMY',1),(285,6,'17A','ECONOMY',1),(286,6,'17B','ECONOMY',1),(287,6,'17C','ECONOMY',1),(288,6,'17D','ECONOMY',1),(289,6,'17E','ECONOMY',1),(290,6,'17F','ECONOMY',1),(291,6,'18A','ECONOMY',1),(292,6,'18B','ECONOMY',1),(293,6,'18C','ECONOMY',1),(294,6,'18D','ECONOMY',1),(295,6,'18E','ECONOMY',1),(296,6,'18F','ECONOMY',1),(297,6,'19A','ECONOMY',1),(298,6,'19B','ECONOMY',1),(299,6,'19C','ECONOMY',1),(300,6,'19D','ECONOMY',1),(301,6,'19E','ECONOMY',1),(302,6,'19F','ECONOMY',1),(303,6,'20A','ECONOMY',1),(304,6,'20B','ECONOMY',1),(305,6,'20C','ECONOMY',1),(306,6,'20D','ECONOMY',1),(307,6,'20E','ECONOMY',1),(308,6,'20F','ECONOMY',1),(309,6,'21A','ECONOMY',1),(310,6,'21B','ECONOMY',1),(311,6,'21C','ECONOMY',1),(312,6,'21D','ECONOMY',1),(313,6,'21E','ECONOMY',1),(314,6,'21F','ECONOMY',1),(315,6,'22A','ECONOMY',1),(316,6,'22B','ECONOMY',1),(317,6,'22C','ECONOMY',1),(318,6,'22D','ECONOMY',1),(319,6,'22E','ECONOMY',1),(320,6,'22F','ECONOMY',1),(321,6,'23A','ECONOMY',1),(322,6,'23B','ECONOMY',1),(323,6,'23C','ECONOMY',1),(324,6,'23D','ECONOMY',1),(325,6,'23E','ECONOMY',1),(326,6,'23F','ECONOMY',1),(327,6,'24A','ECONOMY',1),(328,6,'24B','ECONOMY',1),(329,6,'24C','ECONOMY',1),(330,6,'24D','ECONOMY',1),(331,6,'24E','ECONOMY',1),(332,6,'24F','ECONOMY',1),(333,6,'25A','ECONOMY',1),(334,6,'25B','ECONOMY',1),(335,6,'25C','ECONOMY',1),(336,6,'25D','ECONOMY',1),(337,6,'25E','ECONOMY',1),(338,6,'25F','ECONOMY',1),(339,6,'26A','BUSINESS',1),(340,6,'26B','BUSINESS',1),(341,6,'26C','BUSINESS',1),(342,6,'26D','BUSINESS',1),(343,6,'26E','BUSINESS',1),(344,6,'27A','BUSINESS',1),(345,6,'27B','BUSINESS',1),(346,6,'27C','BUSINESS',1),(347,6,'27D','BUSINESS',1),(348,6,'27E','BUSINESS',1),(349,6,'28A','BUSINESS',1),(350,6,'28B','BUSINESS',1),(351,6,'28C','BUSINESS',1),(352,6,'28D','BUSINESS',1),(353,6,'28E','BUSINESS',1),(354,6,'29A','BUSINESS',1),(355,6,'29B','BUSINESS',1),(356,6,'29C','BUSINESS',1),(357,6,'29D','BUSINESS',1),(358,6,'29E','BUSINESS',1),(359,6,'30A','BUSINESS',1),(360,6,'30B','BUSINESS',1),(361,6,'30C','BUSINESS',1),(362,6,'30D','BUSINESS',1),(363,6,'30E','BUSINESS',1),(364,6,'31A','BUSINESS',1),(365,6,'31B','BUSINESS',1),(366,6,'31C','BUSINESS',1),(367,6,'31D','BUSINESS',1),(368,6,'31E','BUSINESS',1),(369,6,'32A','FIRST',1),(370,6,'32B','FIRST',1),(371,6,'32C','FIRST',1),(372,6,'32D','FIRST',1),(373,6,'33A','FIRST',1),(374,6,'33B','FIRST',1),(375,6,'33C','FIRST',1),(376,6,'33D','FIRST',1),(377,10,'1A','ECONOMY',1),(378,10,'1B','ECONOMY',1),(379,10,'1C','ECONOMY',1),(380,10,'1D','ECONOMY',1),(381,10,'1E','ECONOMY',1),(382,10,'1F','ECONOMY',1),(383,10,'2A','ECONOMY',1),(384,10,'2B','ECONOMY',1),(385,10,'2C','ECONOMY',1),(386,10,'2D','ECONOMY',1),(387,10,'2E','ECONOMY',1),(388,10,'2F','ECONOMY',1),(389,10,'3A','ECONOMY',1),(390,10,'3B','ECONOMY',1),(391,10,'3C','ECONOMY',1),(392,10,'3D','ECONOMY',1),(393,10,'3E','ECONOMY',1),(394,10,'3F','ECONOMY',1),(395,10,'4A','ECONOMY',1),(396,10,'4B','ECONOMY',1),(397,10,'4C','ECONOMY',1),(398,10,'4D','ECONOMY',1),(399,10,'4E','ECONOMY',1),(400,10,'4F','ECONOMY',1),(401,10,'5A','ECONOMY',1),(402,10,'5B','ECONOMY',1),(403,10,'5C','ECONOMY',1),(404,10,'5D','ECONOMY',1),(405,10,'5E','ECONOMY',1),(406,10,'5F','ECONOMY',1),(407,10,'6A','ECONOMY',1),(408,10,'6B','ECONOMY',1),(409,10,'6C','ECONOMY',1),(410,10,'6D','ECONOMY',1),(411,10,'6E','ECONOMY',1),(412,10,'6F','ECONOMY',1),(413,10,'7A','ECONOMY',1),(414,10,'7B','ECONOMY',1),(415,10,'7C','ECONOMY',1),(416,10,'7D','ECONOMY',1),(417,10,'7E','ECONOMY',1),(418,10,'7F','ECONOMY',1),(419,10,'8A','ECONOMY',1),(420,10,'8B','ECONOMY',1),(421,10,'8C','ECONOMY',1),(422,10,'8D','ECONOMY',1),(423,10,'8E','ECONOMY',1),(424,10,'8F','ECONOMY',1),(425,10,'9A','ECONOMY',1),(426,10,'9B','ECONOMY',1),(427,10,'9C','ECONOMY',1),(428,10,'9D','ECONOMY',1),(429,10,'9E','ECONOMY',1),(430,10,'9F','ECONOMY',1),(431,10,'10A','ECONOMY',1),(432,10,'10B','ECONOMY',1),(433,10,'10C','ECONOMY',1),(434,10,'10D','ECONOMY',1),(435,10,'10E','ECONOMY',1),(436,10,'10F','ECONOMY',1),(437,10,'11A','ECONOMY',1),(438,10,'11B','ECONOMY',1),(439,10,'11C','ECONOMY',1),(440,10,'11D','ECONOMY',1),(441,10,'11E','ECONOMY',1),(442,10,'11F','ECONOMY',1),(443,10,'12A','ECONOMY',1),(444,10,'12B','ECONOMY',1),(445,10,'12C','ECONOMY',1),(446,10,'12D','ECONOMY',1),(447,10,'12E','ECONOMY',1),(448,10,'12F','ECONOMY',1),(449,10,'13A','ECONOMY',1),(450,10,'13B','ECONOMY',1),(451,10,'13C','ECONOMY',1),(452,10,'13D','ECONOMY',1),(453,10,'13E','ECONOMY',1),(454,10,'13F','ECONOMY',1),(455,10,'14A','ECONOMY',1),(456,10,'14B','ECONOMY',1),(457,10,'14C','ECONOMY',1),(458,10,'14D','ECONOMY',1),(459,10,'14E','ECONOMY',1),(460,10,'14F','ECONOMY',1),(461,10,'15A','ECONOMY',1),(462,10,'15B','ECONOMY',1),(463,10,'15C','ECONOMY',1),(464,10,'15D','ECONOMY',1),(465,10,'15E','ECONOMY',1),(466,10,'15F','ECONOMY',1),(467,10,'16A','ECONOMY',1),(468,10,'16B','ECONOMY',1),(469,10,'16C','ECONOMY',1),(470,10,'16D','ECONOMY',1),(471,10,'16E','ECONOMY',1),(472,10,'16F','ECONOMY',1),(473,10,'17A','ECONOMY',1),(474,10,'17B','ECONOMY',1),(475,10,'17C','ECONOMY',1),(476,10,'17D','ECONOMY',1),(477,10,'17E','ECONOMY',1),(478,10,'17F','ECONOMY',1),(479,10,'18A','ECONOMY',1),(480,10,'18B','ECONOMY',1),(481,10,'18C','ECONOMY',1),(482,10,'18D','ECONOMY',1),(483,10,'18E','ECONOMY',1),(484,10,'18F','ECONOMY',1),(485,10,'19A','ECONOMY',1),(486,10,'19B','ECONOMY',1),(487,10,'19C','ECONOMY',1),(488,10,'19D','ECONOMY',1),(489,10,'19E','ECONOMY',1),(490,10,'19F','ECONOMY',1),(491,10,'20A','ECONOMY',1),(492,10,'20B','ECONOMY',1),(493,10,'20C','ECONOMY',1),(494,10,'20D','ECONOMY',1),(495,10,'20E','ECONOMY',1),(496,10,'20F','ECONOMY',1),(497,10,'21A','ECONOMY',1),(498,10,'21B','ECONOMY',1),(499,10,'21C','ECONOMY',1),(500,10,'21D','ECONOMY',1),(501,10,'21E','ECONOMY',1),(502,10,'21F','ECONOMY',1),(503,10,'22A','ECONOMY',1),(504,10,'22B','ECONOMY',1),(505,10,'22C','ECONOMY',1),(506,10,'22D','ECONOMY',1),(507,10,'22E','ECONOMY',1),(508,10,'22F','ECONOMY',1),(509,10,'23A','ECONOMY',1),(510,10,'23B','ECONOMY',1),(511,10,'23C','ECONOMY',1),(512,10,'23D','ECONOMY',1),(513,10,'23E','ECONOMY',1),(514,10,'23F','ECONOMY',1),(515,10,'24A','ECONOMY',1),(516,10,'24B','ECONOMY',1),(517,10,'24C','ECONOMY',1),(518,10,'24D','ECONOMY',1),(519,10,'24E','ECONOMY',1),(520,10,'24F','ECONOMY',1),(521,10,'25A','ECONOMY',1),(522,10,'25B','ECONOMY',1),(523,10,'25C','ECONOMY',1),(524,10,'25D','ECONOMY',1),(525,10,'25E','ECONOMY',1),(526,10,'25F','ECONOMY',1),(527,10,'26A','BUSINESS',1),(528,10,'26B','BUSINESS',1),(529,10,'26C','BUSINESS',1),(530,10,'26D','BUSINESS',1),(531,10,'26E','BUSINESS',1),(532,10,'27A','BUSINESS',1),(533,10,'27B','BUSINESS',1),(534,10,'27C','BUSINESS',1),(535,10,'27D','BUSINESS',1),(536,10,'27E','BUSINESS',1),(537,10,'28A','BUSINESS',1),(538,10,'28B','BUSINESS',1),(539,10,'28C','BUSINESS',1),(540,10,'28D','BUSINESS',1),(541,10,'28E','BUSINESS',1),(542,10,'29A','BUSINESS',1),(543,10,'29B','BUSINESS',1),(544,10,'29C','BUSINESS',1),(545,10,'29D','BUSINESS',1),(546,10,'29E','BUSINESS',1),(547,10,'30A','BUSINESS',1),(548,10,'30B','BUSINESS',1),(549,10,'30C','BUSINESS',1),(550,10,'30D','BUSINESS',1),(551,10,'30E','BUSINESS',1),(552,10,'31A','BUSINESS',1),(553,10,'31B','BUSINESS',1),(554,10,'31C','BUSINESS',1),(555,10,'31D','BUSINESS',1),(556,10,'31E','BUSINESS',1),(557,10,'32A','FIRST',1),(558,10,'32B','FIRST',1),(559,10,'32C','FIRST',1),(560,10,'32D','FIRST',1),(561,10,'33A','FIRST',1),(562,10,'33B','FIRST',1),(563,10,'33C','FIRST',1),(564,10,'33D','FIRST',1),(565,13,'1A','ECONOMY',1),(566,13,'1B','ECONOMY',1),(567,13,'1C','ECONOMY',1),(568,13,'1D','ECONOMY',1),(569,13,'1E','ECONOMY',1),(570,13,'1F','ECONOMY',1),(571,13,'2A','ECONOMY',1),(572,13,'2B','ECONOMY',1),(573,13,'2C','ECONOMY',1),(574,13,'2D','ECONOMY',1),(575,13,'2E','ECONOMY',1),(576,13,'2F','ECONOMY',1),(577,13,'3A','ECONOMY',1),(578,13,'3B','ECONOMY',1),(579,13,'3C','ECONOMY',1),(580,13,'3D','ECONOMY',1),(581,13,'3E','ECONOMY',1),(582,13,'3F','ECONOMY',1),(583,13,'4A','ECONOMY',1),(584,13,'4B','ECONOMY',1),(585,13,'4C','ECONOMY',1),(586,13,'4D','ECONOMY',1),(587,13,'4E','ECONOMY',1),(588,13,'4F','ECONOMY',1),(589,13,'5A','ECONOMY',1),(590,13,'5B','ECONOMY',1),(591,13,'5C','ECONOMY',1),(592,13,'5D','ECONOMY',1),(593,13,'5E','ECONOMY',1),(594,13,'5F','ECONOMY',1),(595,13,'6A','ECONOMY',1),(596,13,'6B','ECONOMY',1),(597,13,'6C','ECONOMY',1),(598,13,'6D','ECONOMY',1),(599,13,'6E','ECONOMY',1),(600,13,'6F','ECONOMY',1),(601,13,'7A','ECONOMY',1),(602,13,'7B','ECONOMY',1),(603,13,'7C','ECONOMY',1),(604,13,'7D','ECONOMY',1),(605,13,'7E','ECONOMY',1),(606,13,'7F','ECONOMY',1),(607,13,'8A','ECONOMY',1),(608,13,'8B','ECONOMY',1),(609,13,'8C','ECONOMY',1),(610,13,'8D','ECONOMY',1),(611,13,'8E','ECONOMY',1),(612,13,'8F','ECONOMY',1),(613,13,'9A','ECONOMY',1),(614,13,'9B','ECONOMY',1),(615,13,'9C','ECONOMY',1),(616,13,'9D','ECONOMY',1),(617,13,'9E','ECONOMY',1),(618,13,'9F','ECONOMY',1),(619,13,'10A','ECONOMY',1),(620,13,'10B','ECONOMY',1),(621,13,'10C','ECONOMY',1),(622,13,'10D','ECONOMY',1),(623,13,'10E','ECONOMY',1),(624,13,'10F','ECONOMY',1),(625,13,'11A','ECONOMY',1),(626,13,'11B','ECONOMY',1),(627,13,'11C','ECONOMY',1),(628,13,'11D','ECONOMY',1),(629,13,'11E','ECONOMY',1),(630,13,'11F','ECONOMY',1),(631,13,'12A','ECONOMY',1),(632,13,'12B','ECONOMY',1),(633,13,'12C','ECONOMY',1),(634,13,'12D','ECONOMY',1),(635,13,'12E','ECONOMY',1),(636,13,'12F','ECONOMY',1),(637,13,'13A','ECONOMY',1),(638,13,'13B','ECONOMY',1),(639,13,'13C','ECONOMY',1),(640,13,'13D','ECONOMY',1),(641,13,'13E','ECONOMY',1),(642,13,'13F','ECONOMY',1),(643,13,'14A','ECONOMY',1),(644,13,'14B','ECONOMY',1),(645,13,'14C','ECONOMY',1),(646,13,'14D','ECONOMY',1),(647,13,'14E','ECONOMY',1),(648,13,'14F','ECONOMY',1),(649,13,'15A','ECONOMY',1),(650,13,'15B','ECONOMY',1),(651,13,'15C','ECONOMY',1),(652,13,'15D','ECONOMY',1),(653,13,'15E','ECONOMY',1),(654,13,'15F','ECONOMY',1),(655,13,'16A','ECONOMY',1),(656,13,'16B','ECONOMY',1),(657,13,'16C','ECONOMY',1),(658,13,'16D','ECONOMY',1),(659,13,'16E','ECONOMY',1),(660,13,'16F','ECONOMY',1),(661,13,'17A','ECONOMY',1),(662,13,'17B','ECONOMY',1),(663,13,'17C','ECONOMY',1),(664,13,'17D','ECONOMY',1),(665,13,'17E','ECONOMY',1),(666,13,'17F','ECONOMY',1),(667,13,'18A','ECONOMY',1),(668,13,'18B','ECONOMY',1),(669,13,'18C','ECONOMY',1),(670,13,'18D','ECONOMY',1),(671,13,'18E','ECONOMY',1),(672,13,'18F','ECONOMY',1),(673,13,'19A','ECONOMY',1),(674,13,'19B','ECONOMY',1),(675,13,'19C','ECONOMY',1),(676,13,'19D','ECONOMY',1),(677,13,'19E','ECONOMY',1),(678,13,'19F','ECONOMY',1),(679,13,'20A','ECONOMY',1),(680,13,'20B','ECONOMY',1),(681,13,'20C','ECONOMY',1),(682,13,'20D','ECONOMY',1),(683,13,'20E','ECONOMY',1),(684,13,'20F','ECONOMY',1),(685,13,'21A','ECONOMY',1),(686,13,'21B','ECONOMY',1),(687,13,'21C','ECONOMY',1),(688,13,'21D','ECONOMY',1),(689,13,'21E','ECONOMY',1),(690,13,'21F','ECONOMY',1),(691,13,'22A','ECONOMY',1),(692,13,'22B','ECONOMY',1),(693,13,'22C','ECONOMY',1),(694,13,'22D','ECONOMY',1),(695,13,'22E','ECONOMY',1),(696,13,'22F','ECONOMY',1),(697,13,'23A','ECONOMY',1),(698,13,'23B','ECONOMY',1),(699,13,'23C','ECONOMY',1),(700,13,'23D','ECONOMY',1),(701,13,'23E','ECONOMY',1),(702,13,'23F','ECONOMY',1),(703,13,'24A','ECONOMY',1),(704,13,'24B','ECONOMY',1),(705,13,'24C','ECONOMY',1),(706,13,'24D','ECONOMY',1),(707,13,'24E','ECONOMY',1),(708,13,'24F','ECONOMY',1),(709,13,'25A','ECONOMY',1),(710,13,'25B','ECONOMY',1),(711,13,'25C','ECONOMY',1),(712,13,'25D','ECONOMY',1),(713,13,'25E','ECONOMY',1),(714,13,'25F','ECONOMY',1),(715,13,'26A','BUSINESS',1),(716,13,'26B','BUSINESS',1),(717,13,'26C','BUSINESS',1),(718,13,'26D','BUSINESS',1),(719,13,'26E','BUSINESS',1),(720,13,'27A','BUSINESS',1),(721,13,'27B','BUSINESS',1),(722,13,'27C','BUSINESS',1),(723,13,'27D','BUSINESS',1),(724,13,'27E','BUSINESS',1),(725,13,'28A','BUSINESS',1),(726,13,'28B','BUSINESS',1),(727,13,'28C','BUSINESS',1),(728,13,'28D','BUSINESS',1),(729,13,'28E','BUSINESS',1),(730,13,'29A','BUSINESS',1),(731,13,'29B','BUSINESS',1),(732,13,'29C','BUSINESS',1),(733,13,'29D','BUSINESS',1),(734,13,'29E','BUSINESS',1),(735,13,'30A','BUSINESS',1),(736,13,'30B','BUSINESS',1),(737,13,'30C','BUSINESS',1),(738,13,'30D','BUSINESS',1),(739,13,'30E','BUSINESS',1),(740,13,'31A','BUSINESS',1),(741,13,'31B','BUSINESS',1),(742,13,'31C','BUSINESS',1),(743,13,'31D','BUSINESS',1),(744,13,'31E','BUSINESS',1),(745,13,'32A','FIRST',1),(746,13,'32B','FIRST',1),(747,13,'32C','FIRST',1),(748,13,'32D','FIRST',1),(749,13,'33A','FIRST',1),(750,13,'33B','FIRST',1),(751,13,'33C','FIRST',1),(752,13,'33D','FIRST',1),(753,16,'1A','ECONOMY',1),(754,16,'1B','ECONOMY',1),(755,16,'1C','ECONOMY',1),(756,16,'1D','ECONOMY',1),(757,16,'1E','ECONOMY',1),(758,16,'1F','ECONOMY',1),(759,16,'2A','ECONOMY',1),(760,16,'2B','ECONOMY',1),(761,16,'2C','ECONOMY',1),(762,16,'2D','ECONOMY',1),(763,16,'2E','ECONOMY',1),(764,16,'2F','ECONOMY',1),(765,16,'3A','ECONOMY',1),(766,16,'3B','ECONOMY',1),(767,16,'3C','ECONOMY',1),(768,16,'3D','ECONOMY',1),(769,16,'3E','ECONOMY',1),(770,16,'3F','ECONOMY',1),(771,16,'4A','ECONOMY',1),(772,16,'4B','ECONOMY',1),(773,16,'4C','ECONOMY',1),(774,16,'4D','ECONOMY',1),(775,16,'4E','ECONOMY',1),(776,16,'4F','ECONOMY',1),(777,16,'5A','ECONOMY',1),(778,16,'5B','ECONOMY',1),(779,16,'5C','ECONOMY',1),(780,16,'5D','ECONOMY',1),(781,16,'5E','ECONOMY',1),(782,16,'5F','ECONOMY',1),(783,16,'6A','ECONOMY',1),(784,16,'6B','ECONOMY',1),(785,16,'6C','ECONOMY',1),(786,16,'6D','ECONOMY',1),(787,16,'6E','ECONOMY',1),(788,16,'6F','ECONOMY',1),(789,16,'7A','ECONOMY',1),(790,16,'7B','ECONOMY',1),(791,16,'7C','ECONOMY',1),(792,16,'7D','ECONOMY',1),(793,16,'7E','ECONOMY',1),(794,16,'7F','ECONOMY',1),(795,16,'8A','ECONOMY',1),(796,16,'8B','ECONOMY',1),(797,16,'8C','ECONOMY',1),(798,16,'8D','ECONOMY',1),(799,16,'8E','ECONOMY',1),(800,16,'8F','ECONOMY',1),(801,16,'9A','ECONOMY',1),(802,16,'9B','ECONOMY',1),(803,16,'9C','ECONOMY',1),(804,16,'9D','ECONOMY',1),(805,16,'9E','ECONOMY',1),(806,16,'9F','ECONOMY',1),(807,16,'10A','ECONOMY',1),(808,16,'10B','ECONOMY',1),(809,16,'10C','ECONOMY',1),(810,16,'10D','ECONOMY',1),(811,16,'10E','ECONOMY',1),(812,16,'10F','ECONOMY',1),(813,16,'11A','ECONOMY',1),(814,16,'11B','ECONOMY',1),(815,16,'11C','ECONOMY',1),(816,16,'11D','ECONOMY',1),(817,16,'11E','ECONOMY',1),(818,16,'11F','ECONOMY',1),(819,16,'12A','ECONOMY',1),(820,16,'12B','ECONOMY',1),(821,16,'12C','ECONOMY',1),(822,16,'12D','ECONOMY',1),(823,16,'12E','ECONOMY',1),(824,16,'12F','ECONOMY',1),(825,16,'13A','ECONOMY',1),(826,16,'13B','ECONOMY',1),(827,16,'13C','ECONOMY',1),(828,16,'13D','ECONOMY',1),(829,16,'13E','ECONOMY',1),(830,16,'13F','ECONOMY',1),(831,16,'14A','ECONOMY',1),(832,16,'14B','ECONOMY',1),(833,16,'14C','ECONOMY',1),(834,16,'14D','ECONOMY',1),(835,16,'14E','ECONOMY',1),(836,16,'14F','ECONOMY',1),(837,16,'15A','ECONOMY',1),(838,16,'15B','ECONOMY',1),(839,16,'15C','ECONOMY',1),(840,16,'15D','ECONOMY',1),(841,16,'15E','ECONOMY',1),(842,16,'15F','ECONOMY',1),(843,16,'16A','ECONOMY',1),(844,16,'16B','ECONOMY',1),(845,16,'16C','ECONOMY',1),(846,16,'16D','ECONOMY',1),(847,16,'16E','ECONOMY',1),(848,16,'16F','ECONOMY',1),(849,16,'17A','ECONOMY',1),(850,16,'17B','ECONOMY',1),(851,16,'17C','ECONOMY',1),(852,16,'17D','ECONOMY',1),(853,16,'17E','ECONOMY',1),(854,16,'17F','ECONOMY',1),(855,16,'18A','ECONOMY',1),(856,16,'18B','ECONOMY',1),(857,16,'18C','ECONOMY',1),(858,16,'18D','ECONOMY',1),(859,16,'18E','ECONOMY',1),(860,16,'18F','ECONOMY',1),(861,16,'19A','ECONOMY',1),(862,16,'19B','ECONOMY',1),(863,16,'19C','ECONOMY',1),(864,16,'19D','ECONOMY',1),(865,16,'19E','ECONOMY',1),(866,16,'19F','ECONOMY',1),(867,16,'20A','ECONOMY',1),(868,16,'20B','ECONOMY',1),(869,16,'20C','ECONOMY',1),(870,16,'20D','ECONOMY',1),(871,16,'20E','ECONOMY',1),(872,16,'20F','ECONOMY',1),(873,16,'21A','ECONOMY',1),(874,16,'21B','ECONOMY',1),(875,16,'21C','ECONOMY',1),(876,16,'21D','ECONOMY',1),(877,16,'21E','ECONOMY',1),(878,16,'21F','ECONOMY',1),(879,16,'22A','ECONOMY',1),(880,16,'22B','ECONOMY',1),(881,16,'22C','ECONOMY',1),(882,16,'22D','ECONOMY',1),(883,16,'22E','ECONOMY',1),(884,16,'22F','ECONOMY',1),(885,16,'23A','ECONOMY',1),(886,16,'23B','ECONOMY',1),(887,16,'23C','ECONOMY',1),(888,16,'23D','ECONOMY',1),(889,16,'23E','ECONOMY',1),(890,16,'23F','ECONOMY',1),(891,16,'24A','ECONOMY',1),(892,16,'24B','ECONOMY',1),(893,16,'24C','ECONOMY',1),(894,16,'24D','ECONOMY',1),(895,16,'24E','ECONOMY',1),(896,16,'24F','ECONOMY',1),(897,16,'25A','ECONOMY',1),(898,16,'25B','ECONOMY',1),(899,16,'25C','ECONOMY',1),(900,16,'25D','ECONOMY',1),(901,16,'25E','ECONOMY',1),(902,16,'25F','ECONOMY',1),(903,16,'26A','BUSINESS',1),(904,16,'26B','BUSINESS',1),(905,16,'26C','BUSINESS',1),(906,16,'26D','BUSINESS',1),(907,16,'26E','BUSINESS',1),(908,16,'27A','BUSINESS',1),(909,16,'27B','BUSINESS',1),(910,16,'27C','BUSINESS',1),(911,16,'27D','BUSINESS',1),(912,16,'27E','BUSINESS',1),(913,16,'28A','BUSINESS',1),(914,16,'28B','BUSINESS',1),(915,16,'28C','BUSINESS',1),(916,16,'28D','BUSINESS',1),(917,16,'28E','BUSINESS',1),(918,16,'29A','BUSINESS',1),(919,16,'29B','BUSINESS',1),(920,16,'29C','BUSINESS',1),(921,16,'29D','BUSINESS',1),(922,16,'29E','BUSINESS',1),(923,16,'30A','BUSINESS',1),(924,16,'30B','BUSINESS',1),(925,16,'30C','BUSINESS',1),(926,16,'30D','BUSINESS',1),(927,16,'30E','BUSINESS',1),(928,16,'31A','BUSINESS',1),(929,16,'31B','BUSINESS',1),(930,16,'31C','BUSINESS',1),(931,16,'31D','BUSINESS',1),(932,16,'31E','BUSINESS',1),(933,16,'32A','FIRST',1),(934,16,'32B','FIRST',1),(935,16,'32C','FIRST',1),(936,16,'32D','FIRST',1),(937,16,'33A','FIRST',1),(938,16,'33B','FIRST',1),(939,16,'33C','FIRST',1),(940,16,'33D','FIRST',1),(941,19,'1A','ECONOMY',1),(942,19,'1B','ECONOMY',1),(943,19,'1C','ECONOMY',1),(944,19,'1D','ECONOMY',1),(945,19,'1E','ECONOMY',1),(946,19,'1F','ECONOMY',1),(947,19,'2A','ECONOMY',1),(948,19,'2B','ECONOMY',1),(949,19,'2C','ECONOMY',1),(950,19,'2D','ECONOMY',1),(951,19,'2E','ECONOMY',1),(952,19,'2F','ECONOMY',1),(953,19,'3A','ECONOMY',1),(954,19,'3B','ECONOMY',1),(955,19,'3C','ECONOMY',1),(956,19,'3D','ECONOMY',1),(957,19,'3E','ECONOMY',1),(958,19,'3F','ECONOMY',1),(959,19,'4A','ECONOMY',1),(960,19,'4B','ECONOMY',1),(961,19,'4C','ECONOMY',1),(962,19,'4D','ECONOMY',1),(963,19,'4E','ECONOMY',1),(964,19,'4F','ECONOMY',1),(965,19,'5A','ECONOMY',1),(966,19,'5B','ECONOMY',1),(967,19,'5C','ECONOMY',1),(968,19,'5D','ECONOMY',1),(969,19,'5E','ECONOMY',1),(970,19,'5F','ECONOMY',1),(971,19,'6A','ECONOMY',1),(972,19,'6B','ECONOMY',1),(973,19,'6C','ECONOMY',1),(974,19,'6D','ECONOMY',1),(975,19,'6E','ECONOMY',1),(976,19,'6F','ECONOMY',1),(977,19,'7A','ECONOMY',1),(978,19,'7B','ECONOMY',1),(979,19,'7C','ECONOMY',1),(980,19,'7D','ECONOMY',1),(981,19,'7E','ECONOMY',1),(982,19,'7F','ECONOMY',1),(983,19,'8A','ECONOMY',1),(984,19,'8B','ECONOMY',1),(985,19,'8C','ECONOMY',1),(986,19,'8D','ECONOMY',1),(987,19,'8E','ECONOMY',1),(988,19,'8F','ECONOMY',1),(989,19,'9A','ECONOMY',1),(990,19,'9B','ECONOMY',1),(991,19,'9C','ECONOMY',1),(992,19,'9D','ECONOMY',1),(993,19,'9E','ECONOMY',1),(994,19,'9F','ECONOMY',1),(995,19,'10A','ECONOMY',1),(996,19,'10B','ECONOMY',1),(997,19,'10C','ECONOMY',1),(998,19,'10D','ECONOMY',1),(999,19,'10E','ECONOMY',1),(1000,19,'10F','ECONOMY',1),(1001,19,'11A','ECONOMY',1),(1002,19,'11B','ECONOMY',1),(1003,19,'11C','ECONOMY',1),(1004,19,'11D','ECONOMY',1),(1005,19,'11E','ECONOMY',1),(1006,19,'11F','ECONOMY',1),(1007,19,'12A','ECONOMY',1),(1008,19,'12B','ECONOMY',1),(1009,19,'12C','ECONOMY',1),(1010,19,'12D','ECONOMY',1),(1011,19,'12E','ECONOMY',1),(1012,19,'12F','ECONOMY',1),(1013,19,'13A','ECONOMY',1),(1014,19,'13B','ECONOMY',1),(1015,19,'13C','ECONOMY',1),(1016,19,'13D','ECONOMY',1),(1017,19,'13E','ECONOMY',1),(1018,19,'13F','ECONOMY',1),(1019,19,'14A','ECONOMY',1),(1020,19,'14B','ECONOMY',1),(1021,19,'14C','ECONOMY',1),(1022,19,'14D','ECONOMY',1),(1023,19,'14E','ECONOMY',1),(1024,19,'14F','ECONOMY',1),(1025,19,'15A','ECONOMY',1),(1026,19,'15B','ECONOMY',1),(1027,19,'15C','ECONOMY',1),(1028,19,'15D','ECONOMY',1),(1029,19,'15E','ECONOMY',1),(1030,19,'15F','ECONOMY',1),(1031,19,'16A','ECONOMY',1),(1032,19,'16B','ECONOMY',1),(1033,19,'16C','ECONOMY',1),(1034,19,'16D','ECONOMY',1),(1035,19,'16E','ECONOMY',1),(1036,19,'16F','ECONOMY',1),(1037,19,'17A','ECONOMY',1),(1038,19,'17B','ECONOMY',1),(1039,19,'17C','ECONOMY',1),(1040,19,'17D','ECONOMY',1),(1041,19,'17E','ECONOMY',1),(1042,19,'17F','ECONOMY',1),(1043,19,'18A','ECONOMY',1),(1044,19,'18B','ECONOMY',1),(1045,19,'18C','ECONOMY',1),(1046,19,'18D','ECONOMY',1),(1047,19,'18E','ECONOMY',1),(1048,19,'18F','ECONOMY',1),(1049,19,'19A','ECONOMY',1),(1050,19,'19B','ECONOMY',1),(1051,19,'19C','ECONOMY',1),(1052,19,'19D','ECONOMY',1),(1053,19,'19E','ECONOMY',1),(1054,19,'19F','ECONOMY',1),(1055,19,'20A','ECONOMY',1),(1056,19,'20B','ECONOMY',1),(1057,19,'20C','ECONOMY',1),(1058,19,'20D','ECONOMY',1),(1059,19,'20E','ECONOMY',1),(1060,19,'20F','ECONOMY',1),(1061,19,'21A','ECONOMY',1),(1062,19,'21B','ECONOMY',1),(1063,19,'21C','ECONOMY',1),(1064,19,'21D','ECONOMY',1),(1065,19,'21E','ECONOMY',1),(1066,19,'21F','ECONOMY',1),(1067,19,'22A','ECONOMY',1),(1068,19,'22B','ECONOMY',1),(1069,19,'22C','ECONOMY',1),(1070,19,'22D','ECONOMY',1),(1071,19,'22E','ECONOMY',1),(1072,19,'22F','ECONOMY',1),(1073,19,'23A','ECONOMY',1),(1074,19,'23B','ECONOMY',1),(1075,19,'23C','ECONOMY',1),(1076,19,'23D','ECONOMY',1),(1077,19,'23E','ECONOMY',1),(1078,19,'23F','ECONOMY',1),(1079,19,'24A','ECONOMY',1),(1080,19,'24B','ECONOMY',1),(1081,19,'24C','ECONOMY',1),(1082,19,'24D','ECONOMY',1),(1083,19,'24E','ECONOMY',1),(1084,19,'24F','ECONOMY',1),(1085,19,'25A','ECONOMY',1),(1086,19,'25B','ECONOMY',1),(1087,19,'25C','ECONOMY',1),(1088,19,'25D','ECONOMY',1),(1089,19,'25E','ECONOMY',1),(1090,19,'25F','ECONOMY',1),(1091,19,'26A','BUSINESS',1),(1092,19,'26B','BUSINESS',1),(1093,19,'26C','BUSINESS',1),(1094,19,'26D','BUSINESS',1),(1095,19,'26E','BUSINESS',1),(1096,19,'27A','BUSINESS',1),(1097,19,'27B','BUSINESS',1),(1098,19,'27C','BUSINESS',1),(1099,19,'27D','BUSINESS',1),(1100,19,'27E','BUSINESS',1),(1101,19,'28A','BUSINESS',1),(1102,19,'28B','BUSINESS',1),(1103,19,'28C','BUSINESS',1),(1104,19,'28D','BUSINESS',1),(1105,19,'28E','BUSINESS',1),(1106,19,'29A','BUSINESS',1),(1107,19,'29B','BUSINESS',1),(1108,19,'29C','BUSINESS',1),(1109,19,'29D','BUSINESS',1),(1110,19,'29E','BUSINESS',1),(1111,19,'30A','BUSINESS',1),(1112,19,'30B','BUSINESS',1),(1113,19,'30C','BUSINESS',1),(1114,19,'30D','BUSINESS',1),(1115,19,'30E','BUSINESS',1),(1116,19,'31A','BUSINESS',1),(1117,19,'31B','BUSINESS',1),(1118,19,'31C','BUSINESS',1),(1119,19,'31D','BUSINESS',1),(1120,19,'31E','BUSINESS',1),(1121,19,'32A','FIRST',1),(1122,19,'32B','FIRST',1),(1123,19,'32C','FIRST',1),(1124,19,'32D','FIRST',1),(1125,19,'33A','FIRST',1),(1126,19,'33B','FIRST',1),(1127,19,'33C','FIRST',1),(1128,19,'33D','FIRST',1),(1129,1,'1A','ECONOMY',1),(1130,1,'1B','ECONOMY',1),(1131,1,'1C','ECONOMY',1),(1132,1,'1D','ECONOMY',1),(1133,1,'1E','ECONOMY',1),(1134,1,'1F','ECONOMY',1),(1135,1,'2A','ECONOMY',1),(1136,1,'2B','ECONOMY',1),(1137,1,'2C','ECONOMY',1),(1138,1,'2D','ECONOMY',1),(1139,1,'2E','ECONOMY',1),(1140,1,'2F','ECONOMY',1),(1141,1,'3A','ECONOMY',1),(1142,1,'3B','ECONOMY',1),(1143,1,'3C','ECONOMY',1),(1144,1,'3D','ECONOMY',1),(1145,1,'3E','ECONOMY',1),(1146,1,'3F','ECONOMY',1),(1147,1,'4A','ECONOMY',1),(1148,1,'4B','ECONOMY',1),(1149,1,'4C','ECONOMY',1),(1150,1,'4D','ECONOMY',1),(1151,1,'4E','ECONOMY',1),(1152,1,'4F','ECONOMY',1),(1153,1,'5A','ECONOMY',1),(1154,1,'5B','ECONOMY',1),(1155,1,'5C','ECONOMY',1),(1156,1,'5D','ECONOMY',1),(1157,1,'5E','ECONOMY',1),(1158,1,'5F','ECONOMY',1),(1159,1,'6A','ECONOMY',1),(1160,1,'6B','ECONOMY',1),(1161,1,'6C','ECONOMY',1),(1162,1,'6D','ECONOMY',1),(1163,1,'6E','ECONOMY',1),(1164,1,'6F','ECONOMY',1),(1165,1,'7A','ECONOMY',1),(1166,1,'7B','ECONOMY',1),(1167,1,'7C','ECONOMY',1),(1168,1,'7D','ECONOMY',1),(1169,1,'7E','ECONOMY',1),(1170,1,'7F','ECONOMY',1),(1171,1,'8A','ECONOMY',1),(1172,1,'8B','ECONOMY',1),(1173,1,'8C','ECONOMY',1),(1174,1,'8D','ECONOMY',1),(1175,1,'8E','ECONOMY',1),(1176,1,'8F','ECONOMY',1),(1177,1,'9A','ECONOMY',1),(1178,1,'9B','ECONOMY',1),(1179,1,'9C','ECONOMY',1),(1180,1,'9D','ECONOMY',1),(1181,1,'9E','ECONOMY',1),(1182,1,'9F','ECONOMY',1),(1183,1,'10A','ECONOMY',1),(1184,1,'10B','ECONOMY',1),(1185,1,'10C','ECONOMY',1),(1186,1,'10D','ECONOMY',1),(1187,1,'10E','ECONOMY',1),(1188,1,'10F','ECONOMY',1),(1189,1,'11A','ECONOMY',1),(1190,1,'11B','ECONOMY',1),(1191,1,'11C','ECONOMY',1),(1192,1,'11D','ECONOMY',1),(1193,1,'11E','ECONOMY',1),(1194,1,'11F','ECONOMY',1),(1195,1,'12A','ECONOMY',1),(1196,1,'12B','ECONOMY',1),(1197,1,'12C','ECONOMY',1),(1198,1,'12D','ECONOMY',1),(1199,1,'12E','ECONOMY',1),(1200,1,'12F','ECONOMY',1),(1201,1,'13A','ECONOMY',1),(1202,1,'13B','ECONOMY',1),(1203,1,'13C','ECONOMY',1),(1204,1,'13D','ECONOMY',1),(1205,1,'13E','ECONOMY',1),(1206,1,'13F','ECONOMY',1),(1207,1,'14A','ECONOMY',1),(1208,1,'14B','ECONOMY',1),(1209,1,'14C','ECONOMY',1),(1210,1,'14D','ECONOMY',1),(1211,1,'14E','ECONOMY',1),(1212,1,'14F','ECONOMY',1),(1213,1,'15A','ECONOMY',1),(1214,1,'15B','ECONOMY',1),(1215,1,'15C','ECONOMY',1),(1216,1,'15D','ECONOMY',1),(1217,1,'15E','ECONOMY',1),(1218,1,'15F','ECONOMY',1),(1219,1,'16A','ECONOMY',1),(1220,1,'16B','ECONOMY',1),(1221,1,'16C','ECONOMY',1),(1222,1,'16D','ECONOMY',1),(1223,1,'16E','ECONOMY',1),(1224,1,'16F','ECONOMY',1),(1225,1,'17A','ECONOMY',1),(1226,1,'17B','ECONOMY',1),(1227,1,'17C','ECONOMY',1),(1228,1,'17D','ECONOMY',1),(1229,1,'17E','ECONOMY',1),(1230,1,'17F','ECONOMY',1),(1231,1,'18A','ECONOMY',1),(1232,1,'18B','ECONOMY',1),(1233,1,'18C','ECONOMY',1),(1234,1,'18D','ECONOMY',1),(1235,1,'18E','ECONOMY',1),(1236,1,'18F','ECONOMY',1),(1237,1,'19A','ECONOMY',1),(1238,1,'19B','ECONOMY',1),(1239,1,'19C','ECONOMY',1),(1240,1,'19D','ECONOMY',1),(1241,1,'19E','ECONOMY',1),(1242,1,'19F','ECONOMY',1),(1243,1,'20A','ECONOMY',1),(1244,1,'20B','ECONOMY',1),(1245,1,'20C','ECONOMY',1),(1246,1,'20D','ECONOMY',1),(1247,1,'20E','ECONOMY',1),(1248,1,'20F','ECONOMY',1),(1249,1,'21A','ECONOMY',0),(1250,1,'21B','ECONOMY',1),(1251,1,'21C','ECONOMY',1),(1252,1,'21D','ECONOMY',1),(1253,1,'21E','ECONOMY',1),(1254,1,'21F','ECONOMY',1),(1255,1,'22A','ECONOMY',1),(1256,1,'22B','ECONOMY',1),(1257,1,'22C','ECONOMY',0),(1258,1,'22D','ECONOMY',1),(1259,1,'22E','ECONOMY',1),(1260,1,'22F','ECONOMY',1),(1261,1,'23A','ECONOMY',1),(1262,1,'23B','ECONOMY',1),(1263,1,'23C','ECONOMY',1),(1264,1,'23D','ECONOMY',1),(1265,1,'23E','ECONOMY',1),(1266,1,'23F','ECONOMY',1),(1267,1,'24A','ECONOMY',1),(1268,1,'24B','ECONOMY',1),(1269,1,'24C','ECONOMY',1),(1270,1,'24D','ECONOMY',1),(1271,1,'24E','ECONOMY',1),(1272,1,'24F','ECONOMY',1),(1273,1,'25A','ECONOMY',1),(1274,1,'25B','ECONOMY',1),(1275,1,'25C','ECONOMY',1),(1276,1,'25D','ECONOMY',1),(1277,1,'25E','ECONOMY',1),(1278,1,'25F','ECONOMY',1),(1279,1,'26A','BUSINESS',1),(1280,1,'26B','BUSINESS',1),(1281,1,'26C','BUSINESS',1),(1282,1,'26D','BUSINESS',1),(1283,1,'26E','BUSINESS',1),(1284,1,'27A','BUSINESS',1),(1285,1,'27B','BUSINESS',1),(1286,1,'27C','BUSINESS',1),(1287,1,'27D','BUSINESS',1),(1288,1,'27E','BUSINESS',1),(1289,1,'28A','BUSINESS',1),(1290,1,'28B','BUSINESS',1),(1291,1,'28C','BUSINESS',1),(1292,1,'28D','BUSINESS',1),(1293,1,'28E','BUSINESS',1),(1294,1,'29A','BUSINESS',1),(1295,1,'29B','BUSINESS',1),(1296,1,'29C','BUSINESS',1),(1297,1,'29D','BUSINESS',1),(1298,1,'29E','BUSINESS',1),(1299,1,'30A','BUSINESS',1),(1300,1,'30B','BUSINESS',1),(1301,1,'30C','BUSINESS',1),(1302,1,'30D','BUSINESS',1),(1303,1,'30E','BUSINESS',1),(1304,1,'31A','BUSINESS',1),(1305,1,'31B','BUSINESS',1),(1306,1,'31C','BUSINESS',1),(1307,1,'31D','BUSINESS',1),(1308,1,'31E','BUSINESS',1),(1309,1,'32A','FIRST',1),(1310,1,'32B','FIRST',1),(1311,1,'32C','FIRST',1),(1312,1,'32D','FIRST',1),(1313,1,'33A','FIRST',1),(1314,1,'33B','FIRST',1),(1315,1,'33C','FIRST',1),(1316,1,'33D','FIRST',1),(1317,2,'1A','ECONOMY',1),(1318,2,'1B','ECONOMY',1),(1319,2,'1C','ECONOMY',1),(1320,2,'1D','ECONOMY',1),(1321,2,'1E','ECONOMY',1),(1322,2,'1F','ECONOMY',1),(1323,2,'2A','ECONOMY',1),(1324,2,'2B','ECONOMY',1),(1325,2,'2C','ECONOMY',1),(1326,2,'2D','ECONOMY',1),(1327,2,'2E','ECONOMY',1),(1328,2,'2F','ECONOMY',1),(1329,2,'3A','ECONOMY',1),(1330,2,'3B','ECONOMY',1),(1331,2,'3C','ECONOMY',1),(1332,2,'3D','ECONOMY',1),(1333,2,'3E','ECONOMY',1),(1334,2,'3F','ECONOMY',1),(1335,2,'4A','ECONOMY',1),(1336,2,'4B','ECONOMY',1),(1337,2,'4C','ECONOMY',1),(1338,2,'4D','ECONOMY',1),(1339,2,'4E','ECONOMY',1),(1340,2,'4F','ECONOMY',1),(1341,2,'5A','ECONOMY',1),(1342,2,'5B','ECONOMY',1),(1343,2,'5C','ECONOMY',1),(1344,2,'5D','ECONOMY',1),(1345,2,'5E','ECONOMY',1),(1346,2,'5F','ECONOMY',1),(1347,2,'6A','ECONOMY',1),(1348,2,'6B','ECONOMY',1),(1349,2,'6C','ECONOMY',1),(1350,2,'6D','ECONOMY',1),(1351,2,'6E','ECONOMY',1),(1352,2,'6F','ECONOMY',1),(1353,2,'7A','ECONOMY',1),(1354,2,'7B','ECONOMY',1),(1355,2,'7C','ECONOMY',1),(1356,2,'7D','ECONOMY',1),(1357,2,'7E','ECONOMY',1),(1358,2,'7F','ECONOMY',1),(1359,2,'8A','ECONOMY',1),(1360,2,'8B','ECONOMY',1),(1361,2,'8C','ECONOMY',1),(1362,2,'8D','ECONOMY',1),(1363,2,'8E','ECONOMY',1),(1364,2,'8F','ECONOMY',1),(1365,2,'9A','ECONOMY',1),(1366,2,'9B','ECONOMY',1),(1367,2,'9C','ECONOMY',1),(1368,2,'9D','ECONOMY',1),(1369,2,'9E','ECONOMY',1),(1370,2,'9F','ECONOMY',1),(1371,2,'10A','ECONOMY',1),(1372,2,'10B','ECONOMY',1),(1373,2,'10C','ECONOMY',1),(1374,2,'10D','ECONOMY',1),(1375,2,'10E','ECONOMY',1),(1376,2,'10F','ECONOMY',1),(1377,2,'11A','ECONOMY',1),(1378,2,'11B','ECONOMY',1),(1379,2,'11C','ECONOMY',1),(1380,2,'11D','ECONOMY',1),(1381,2,'11E','ECONOMY',1),(1382,2,'11F','ECONOMY',1),(1383,2,'12A','ECONOMY',1),(1384,2,'12B','ECONOMY',1),(1385,2,'12C','ECONOMY',1),(1386,2,'12D','ECONOMY',1),(1387,2,'12E','ECONOMY',1),(1388,2,'12F','ECONOMY',1),(1389,2,'13A','ECONOMY',1),(1390,2,'13B','ECONOMY',1),(1391,2,'13C','ECONOMY',1),(1392,2,'13D','ECONOMY',1),(1393,2,'13E','ECONOMY',1),(1394,2,'13F','ECONOMY',1),(1395,2,'14A','ECONOMY',1),(1396,2,'14B','ECONOMY',1),(1397,2,'14C','ECONOMY',1),(1398,2,'14D','ECONOMY',1),(1399,2,'14E','ECONOMY',1),(1400,2,'14F','ECONOMY',1),(1401,2,'15A','ECONOMY',1),(1402,2,'15B','ECONOMY',1),(1403,2,'15C','ECONOMY',1),(1404,2,'15D','ECONOMY',1),(1405,2,'15E','ECONOMY',1),(1406,2,'15F','ECONOMY',1),(1407,2,'16A','ECONOMY',1),(1408,2,'16B','ECONOMY',1),(1409,2,'16C','ECONOMY',1),(1410,2,'16D','ECONOMY',1),(1411,2,'16E','ECONOMY',1),(1412,2,'16F','ECONOMY',1),(1413,2,'17A','ECONOMY',1),(1414,2,'17B','ECONOMY',1),(1415,2,'17C','ECONOMY',1),(1416,2,'17D','ECONOMY',1),(1417,2,'17E','ECONOMY',1),(1418,2,'17F','ECONOMY',1),(1419,2,'18A','ECONOMY',1),(1420,2,'18B','ECONOMY',1),(1421,2,'18C','ECONOMY',1),(1422,2,'18D','ECONOMY',1),(1423,2,'18E','ECONOMY',1),(1424,2,'18F','ECONOMY',1),(1425,2,'19A','ECONOMY',1),(1426,2,'19B','ECONOMY',1),(1427,2,'19C','ECONOMY',1),(1428,2,'19D','ECONOMY',1),(1429,2,'19E','ECONOMY',1),(1430,2,'19F','ECONOMY',1),(1431,2,'20A','ECONOMY',1),(1432,2,'20B','ECONOMY',1),(1433,2,'20C','ECONOMY',1),(1434,2,'20D','ECONOMY',1),(1435,2,'20E','ECONOMY',1),(1436,2,'20F','ECONOMY',1),(1437,2,'21A','ECONOMY',1),(1438,2,'21B','ECONOMY',1),(1439,2,'21C','ECONOMY',1),(1440,2,'21D','ECONOMY',1),(1441,2,'21E','ECONOMY',1),(1442,2,'21F','ECONOMY',1),(1443,2,'22A','ECONOMY',1),(1444,2,'22B','ECONOMY',1),(1445,2,'22C','ECONOMY',1),(1446,2,'22D','ECONOMY',1),(1447,2,'22E','ECONOMY',1),(1448,2,'22F','ECONOMY',1),(1449,2,'23A','ECONOMY',1),(1450,2,'23B','ECONOMY',1),(1451,2,'23C','ECONOMY',1),(1452,2,'23D','ECONOMY',1),(1453,2,'23E','ECONOMY',1),(1454,2,'23F','ECONOMY',1),(1455,2,'24A','ECONOMY',1),(1456,2,'24B','ECONOMY',1),(1457,2,'24C','ECONOMY',1),(1458,2,'24D','ECONOMY',1),(1459,2,'24E','ECONOMY',1),(1460,2,'24F','ECONOMY',1),(1461,2,'25A','ECONOMY',1),(1462,2,'25B','ECONOMY',1),(1463,2,'25C','ECONOMY',1),(1464,2,'25D','ECONOMY',1),(1465,2,'25E','ECONOMY',1),(1466,2,'25F','ECONOMY',1),(1467,2,'26A','BUSINESS',1),(1468,2,'26B','BUSINESS',1),(1469,2,'26C','BUSINESS',1),(1470,2,'26D','BUSINESS',1),(1471,2,'26E','BUSINESS',1),(1472,2,'27A','BUSINESS',1),(1473,2,'27B','BUSINESS',1),(1474,2,'27C','BUSINESS',1),(1475,2,'27D','BUSINESS',1),(1476,2,'27E','BUSINESS',1),(1477,2,'28A','BUSINESS',1),(1478,2,'28B','BUSINESS',1),(1479,2,'28C','BUSINESS',1),(1480,2,'28D','BUSINESS',1),(1481,2,'28E','BUSINESS',1),(1482,2,'29A','BUSINESS',1),(1483,2,'29B','BUSINESS',1),(1484,2,'29C','BUSINESS',1),(1485,2,'29D','BUSINESS',1),(1486,2,'29E','BUSINESS',1),(1487,2,'30A','BUSINESS',1),(1488,2,'30B','BUSINESS',1),(1489,2,'30C','BUSINESS',1),(1490,2,'30D','BUSINESS',1),(1491,2,'30E','BUSINESS',1),(1492,2,'31A','BUSINESS',1),(1493,2,'31B','BUSINESS',1),(1494,2,'31C','BUSINESS',1),(1495,2,'31D','BUSINESS',1),(1496,2,'31E','BUSINESS',1),(1497,2,'32A','FIRST',1),(1498,2,'32B','FIRST',1),(1499,2,'32C','FIRST',1),(1500,2,'32D','FIRST',1),(1501,2,'33A','FIRST',1),(1502,2,'33B','FIRST',1),(1503,2,'33C','FIRST',1),(1504,2,'33D','FIRST',1),(1505,5,'1A','ECONOMY',1),(1506,5,'1B','ECONOMY',1),(1507,5,'1C','ECONOMY',1),(1508,5,'1D','ECONOMY',1),(1509,5,'1E','ECONOMY',1),(1510,5,'1F','ECONOMY',1),(1511,5,'2A','ECONOMY',1),(1512,5,'2B','ECONOMY',1),(1513,5,'2C','ECONOMY',1),(1514,5,'2D','ECONOMY',1),(1515,5,'2E','ECONOMY',1),(1516,5,'2F','ECONOMY',1),(1517,5,'3A','ECONOMY',1),(1518,5,'3B','ECONOMY',1),(1519,5,'3C','ECONOMY',1),(1520,5,'3D','ECONOMY',1),(1521,5,'3E','ECONOMY',1),(1522,5,'3F','ECONOMY',1),(1523,5,'4A','ECONOMY',1),(1524,5,'4B','ECONOMY',1),(1525,5,'4C','ECONOMY',1),(1526,5,'4D','ECONOMY',1),(1527,5,'4E','ECONOMY',1),(1528,5,'4F','ECONOMY',1),(1529,5,'5A','ECONOMY',1),(1530,5,'5B','ECONOMY',1),(1531,5,'5C','ECONOMY',1),(1532,5,'5D','ECONOMY',1),(1533,5,'5E','ECONOMY',1),(1534,5,'5F','ECONOMY',1),(1535,5,'6A','ECONOMY',1),(1536,5,'6B','ECONOMY',1),(1537,5,'6C','ECONOMY',1),(1538,5,'6D','ECONOMY',1),(1539,5,'6E','ECONOMY',1),(1540,5,'6F','ECONOMY',1),(1541,5,'7A','ECONOMY',1),(1542,5,'7B','ECONOMY',1),(1543,5,'7C','ECONOMY',1),(1544,5,'7D','ECONOMY',1),(1545,5,'7E','ECONOMY',1),(1546,5,'7F','ECONOMY',1),(1547,5,'8A','ECONOMY',1),(1548,5,'8B','ECONOMY',1),(1549,5,'8C','ECONOMY',1),(1550,5,'8D','ECONOMY',1),(1551,5,'8E','ECONOMY',1),(1552,5,'8F','ECONOMY',1),(1553,5,'9A','ECONOMY',1),(1554,5,'9B','ECONOMY',1),(1555,5,'9C','ECONOMY',1),(1556,5,'9D','ECONOMY',1),(1557,5,'9E','ECONOMY',1),(1558,5,'9F','ECONOMY',1),(1559,5,'10A','ECONOMY',1),(1560,5,'10B','ECONOMY',1),(1561,5,'10C','ECONOMY',1),(1562,5,'10D','ECONOMY',1),(1563,5,'10E','ECONOMY',1),(1564,5,'10F','ECONOMY',1),(1565,5,'11A','ECONOMY',1),(1566,5,'11B','ECONOMY',1),(1567,5,'11C','ECONOMY',1),(1568,5,'11D','ECONOMY',1),(1569,5,'11E','ECONOMY',1),(1570,5,'11F','ECONOMY',1),(1571,5,'12A','ECONOMY',1),(1572,5,'12B','ECONOMY',1),(1573,5,'12C','ECONOMY',1),(1574,5,'12D','ECONOMY',1),(1575,5,'12E','ECONOMY',1),(1576,5,'12F','ECONOMY',1),(1577,5,'13A','ECONOMY',1),(1578,5,'13B','ECONOMY',1),(1579,5,'13C','ECONOMY',1),(1580,5,'13D','ECONOMY',1),(1581,5,'13E','ECONOMY',1),(1582,5,'13F','ECONOMY',1),(1583,5,'14A','ECONOMY',1),(1584,5,'14B','ECONOMY',1),(1585,5,'14C','ECONOMY',1),(1586,5,'14D','ECONOMY',1),(1587,5,'14E','ECONOMY',1),(1588,5,'14F','ECONOMY',1),(1589,5,'15A','ECONOMY',1),(1590,5,'15B','ECONOMY',1),(1591,5,'15C','ECONOMY',1),(1592,5,'15D','ECONOMY',1),(1593,5,'15E','ECONOMY',1),(1594,5,'15F','ECONOMY',1),(1595,5,'16A','ECONOMY',1),(1596,5,'16B','ECONOMY',1),(1597,5,'16C','ECONOMY',1),(1598,5,'16D','ECONOMY',1),(1599,5,'16E','ECONOMY',1),(1600,5,'16F','ECONOMY',1),(1601,5,'17A','ECONOMY',1),(1602,5,'17B','ECONOMY',1),(1603,5,'17C','ECONOMY',1),(1604,5,'17D','ECONOMY',1),(1605,5,'17E','ECONOMY',1),(1606,5,'17F','ECONOMY',1),(1607,5,'18A','ECONOMY',1),(1608,5,'18B','ECONOMY',1),(1609,5,'18C','ECONOMY',1),(1610,5,'18D','ECONOMY',1),(1611,5,'18E','ECONOMY',1),(1612,5,'18F','ECONOMY',1),(1613,5,'19A','ECONOMY',1),(1614,5,'19B','ECONOMY',1),(1615,5,'19C','ECONOMY',1),(1616,5,'19D','ECONOMY',1),(1617,5,'19E','ECONOMY',1),(1618,5,'19F','ECONOMY',1),(1619,5,'20A','ECONOMY',1),(1620,5,'20B','ECONOMY',1),(1621,5,'20C','ECONOMY',1),(1622,5,'20D','ECONOMY',1),(1623,5,'20E','ECONOMY',1),(1624,5,'20F','ECONOMY',1),(1625,5,'21A','ECONOMY',1),(1626,5,'21B','ECONOMY',1),(1627,5,'21C','ECONOMY',1),(1628,5,'21D','ECONOMY',1),(1629,5,'21E','ECONOMY',1),(1630,5,'21F','ECONOMY',1),(1631,5,'22A','ECONOMY',1),(1632,5,'22B','ECONOMY',1),(1633,5,'22C','ECONOMY',1),(1634,5,'22D','ECONOMY',1),(1635,5,'22E','ECONOMY',1),(1636,5,'22F','ECONOMY',1),(1637,5,'23A','ECONOMY',1),(1638,5,'23B','ECONOMY',1),(1639,5,'23C','ECONOMY',1),(1640,5,'23D','ECONOMY',1),(1641,5,'23E','ECONOMY',1),(1642,5,'23F','ECONOMY',1),(1643,5,'24A','ECONOMY',1),(1644,5,'24B','ECONOMY',1),(1645,5,'24C','ECONOMY',1),(1646,5,'24D','ECONOMY',1),(1647,5,'24E','ECONOMY',1),(1648,5,'24F','ECONOMY',1),(1649,5,'25A','ECONOMY',1),(1650,5,'25B','ECONOMY',1),(1651,5,'25C','ECONOMY',1),(1652,5,'25D','ECONOMY',1),(1653,5,'25E','ECONOMY',1),(1654,5,'25F','ECONOMY',1),(1655,5,'26A','BUSINESS',1),(1656,5,'26B','BUSINESS',1),(1657,5,'26C','BUSINESS',1),(1658,5,'26D','BUSINESS',1),(1659,5,'26E','BUSINESS',1),(1660,5,'27A','BUSINESS',1),(1661,5,'27B','BUSINESS',1),(1662,5,'27C','BUSINESS',1),(1663,5,'27D','BUSINESS',1),(1664,5,'27E','BUSINESS',1),(1665,5,'28A','BUSINESS',1),(1666,5,'28B','BUSINESS',1),(1667,5,'28C','BUSINESS',1),(1668,5,'28D','BUSINESS',1),(1669,5,'28E','BUSINESS',1),(1670,5,'29A','BUSINESS',1),(1671,5,'29B','BUSINESS',1),(1672,5,'29C','BUSINESS',1),(1673,5,'29D','BUSINESS',1),(1674,5,'29E','BUSINESS',1),(1675,5,'30A','BUSINESS',1),(1676,5,'30B','BUSINESS',1),(1677,5,'30C','BUSINESS',1),(1678,5,'30D','BUSINESS',1),(1679,5,'30E','BUSINESS',1),(1680,5,'31A','BUSINESS',1),(1681,5,'31B','BUSINESS',1),(1682,5,'31C','BUSINESS',1),(1683,5,'31D','BUSINESS',1),(1684,5,'31E','BUSINESS',1),(1685,5,'32A','FIRST',1),(1686,5,'32B','FIRST',1),(1687,5,'32C','FIRST',1),(1688,5,'32D','FIRST',1),(1689,5,'33A','FIRST',1),(1690,5,'33B','FIRST',1),(1691,5,'33C','FIRST',1),(1692,5,'33D','FIRST',1),(1693,9,'1A','ECONOMY',1),(1694,9,'1B','ECONOMY',1),(1695,9,'1C','ECONOMY',1),(1696,9,'1D','ECONOMY',1),(1697,9,'1E','ECONOMY',1),(1698,9,'1F','ECONOMY',1),(1699,9,'2A','ECONOMY',1),(1700,9,'2B','ECONOMY',1),(1701,9,'2C','ECONOMY',1),(1702,9,'2D','ECONOMY',1),(1703,9,'2E','ECONOMY',1),(1704,9,'2F','ECONOMY',1),(1705,9,'3A','ECONOMY',1),(1706,9,'3B','ECONOMY',1),(1707,9,'3C','ECONOMY',1),(1708,9,'3D','ECONOMY',1),(1709,9,'3E','ECONOMY',1),(1710,9,'3F','ECONOMY',1),(1711,9,'4A','ECONOMY',1),(1712,9,'4B','ECONOMY',1),(1713,9,'4C','ECONOMY',1),(1714,9,'4D','ECONOMY',1),(1715,9,'4E','ECONOMY',1),(1716,9,'4F','ECONOMY',1),(1717,9,'5A','ECONOMY',1),(1718,9,'5B','ECONOMY',1),(1719,9,'5C','ECONOMY',1),(1720,9,'5D','ECONOMY',1),(1721,9,'5E','ECONOMY',1),(1722,9,'5F','ECONOMY',1),(1723,9,'6A','ECONOMY',1),(1724,9,'6B','ECONOMY',1),(1725,9,'6C','ECONOMY',1),(1726,9,'6D','ECONOMY',1),(1727,9,'6E','ECONOMY',1),(1728,9,'6F','ECONOMY',1),(1729,9,'7A','ECONOMY',1),(1730,9,'7B','ECONOMY',1),(1731,9,'7C','ECONOMY',1),(1732,9,'7D','ECONOMY',1),(1733,9,'7E','ECONOMY',1),(1734,9,'7F','ECONOMY',1),(1735,9,'8A','ECONOMY',1),(1736,9,'8B','ECONOMY',1),(1737,9,'8C','ECONOMY',1),(1738,9,'8D','ECONOMY',1),(1739,9,'8E','ECONOMY',1),(1740,9,'8F','ECONOMY',1),(1741,9,'9A','ECONOMY',1),(1742,9,'9B','ECONOMY',1),(1743,9,'9C','ECONOMY',1),(1744,9,'9D','ECONOMY',1),(1745,9,'9E','ECONOMY',1),(1746,9,'9F','ECONOMY',1),(1747,9,'10A','ECONOMY',1),(1748,9,'10B','ECONOMY',1),(1749,9,'10C','ECONOMY',1),(1750,9,'10D','ECONOMY',1),(1751,9,'10E','ECONOMY',1),(1752,9,'10F','ECONOMY',1),(1753,9,'11A','ECONOMY',1),(1754,9,'11B','ECONOMY',1),(1755,9,'11C','ECONOMY',1),(1756,9,'11D','ECONOMY',1),(1757,9,'11E','ECONOMY',1),(1758,9,'11F','ECONOMY',1),(1759,9,'12A','ECONOMY',1),(1760,9,'12B','ECONOMY',1),(1761,9,'12C','ECONOMY',1),(1762,9,'12D','ECONOMY',1),(1763,9,'12E','ECONOMY',1),(1764,9,'12F','ECONOMY',1),(1765,9,'13A','ECONOMY',1),(1766,9,'13B','ECONOMY',1),(1767,9,'13C','ECONOMY',1),(1768,9,'13D','ECONOMY',1),(1769,9,'13E','ECONOMY',1),(1770,9,'13F','ECONOMY',1),(1771,9,'14A','ECONOMY',1),(1772,9,'14B','ECONOMY',1),(1773,9,'14C','ECONOMY',1),(1774,9,'14D','ECONOMY',1),(1775,9,'14E','ECONOMY',1),(1776,9,'14F','ECONOMY',1),(1777,9,'15A','ECONOMY',1),(1778,9,'15B','ECONOMY',1),(1779,9,'15C','ECONOMY',1),(1780,9,'15D','ECONOMY',1),(1781,9,'15E','ECONOMY',1),(1782,9,'15F','ECONOMY',1),(1783,9,'16A','ECONOMY',1),(1784,9,'16B','ECONOMY',1),(1785,9,'16C','ECONOMY',1),(1786,9,'16D','ECONOMY',1),(1787,9,'16E','ECONOMY',1),(1788,9,'16F','ECONOMY',1),(1789,9,'17A','ECONOMY',1),(1790,9,'17B','ECONOMY',1),(1791,9,'17C','ECONOMY',1),(1792,9,'17D','ECONOMY',1),(1793,9,'17E','ECONOMY',1),(1794,9,'17F','ECONOMY',1),(1795,9,'18A','ECONOMY',1),(1796,9,'18B','ECONOMY',1),(1797,9,'18C','ECONOMY',1),(1798,9,'18D','ECONOMY',1),(1799,9,'18E','ECONOMY',1),(1800,9,'18F','ECONOMY',1),(1801,9,'19A','ECONOMY',1),(1802,9,'19B','ECONOMY',1),(1803,9,'19C','ECONOMY',1),(1804,9,'19D','ECONOMY',1),(1805,9,'19E','ECONOMY',1),(1806,9,'19F','ECONOMY',1),(1807,9,'20A','ECONOMY',1),(1808,9,'20B','ECONOMY',1),(1809,9,'20C','ECONOMY',1),(1810,9,'20D','ECONOMY',1),(1811,9,'20E','ECONOMY',1),(1812,9,'20F','ECONOMY',1),(1813,9,'21A','ECONOMY',1),(1814,9,'21B','ECONOMY',1),(1815,9,'21C','ECONOMY',1),(1816,9,'21D','ECONOMY',1),(1817,9,'21E','ECONOMY',1),(1818,9,'21F','ECONOMY',1),(1819,9,'22A','ECONOMY',1),(1820,9,'22B','ECONOMY',1),(1821,9,'22C','ECONOMY',1),(1822,9,'22D','ECONOMY',1),(1823,9,'22E','ECONOMY',1),(1824,9,'22F','ECONOMY',1),(1825,9,'23A','ECONOMY',1),(1826,9,'23B','ECONOMY',1),(1827,9,'23C','ECONOMY',1),(1828,9,'23D','ECONOMY',1),(1829,9,'23E','ECONOMY',1),(1830,9,'23F','ECONOMY',1),(1831,9,'24A','ECONOMY',1),(1832,9,'24B','ECONOMY',1),(1833,9,'24C','ECONOMY',1),(1834,9,'24D','ECONOMY',1),(1835,9,'24E','ECONOMY',1),(1836,9,'24F','ECONOMY',1),(1837,9,'25A','ECONOMY',1),(1838,9,'25B','ECONOMY',1),(1839,9,'25C','ECONOMY',1),(1840,9,'25D','ECONOMY',1),(1841,9,'25E','ECONOMY',1),(1842,9,'25F','ECONOMY',1),(1843,9,'26A','BUSINESS',1),(1844,9,'26B','BUSINESS',1),(1845,9,'26C','BUSINESS',1),(1846,9,'26D','BUSINESS',1),(1847,9,'26E','BUSINESS',1),(1848,9,'27A','BUSINESS',1),(1849,9,'27B','BUSINESS',1),(1850,9,'27C','BUSINESS',1),(1851,9,'27D','BUSINESS',1),(1852,9,'27E','BUSINESS',1),(1853,9,'28A','BUSINESS',1),(1854,9,'28B','BUSINESS',1),(1855,9,'28C','BUSINESS',1),(1856,9,'28D','BUSINESS',1),(1857,9,'28E','BUSINESS',1),(1858,9,'29A','BUSINESS',1),(1859,9,'29B','BUSINESS',1),(1860,9,'29C','BUSINESS',1),(1861,9,'29D','BUSINESS',1),(1862,9,'29E','BUSINESS',1),(1863,9,'30A','BUSINESS',1),(1864,9,'30B','BUSINESS',1),(1865,9,'30C','BUSINESS',1),(1866,9,'30D','BUSINESS',1),(1867,9,'30E','BUSINESS',1),(1868,9,'31A','BUSINESS',1),(1869,9,'31B','BUSINESS',1),(1870,9,'31C','BUSINESS',1),(1871,9,'31D','BUSINESS',1),(1872,9,'31E','BUSINESS',1),(1873,9,'32A','FIRST',1),(1874,9,'32B','FIRST',1),(1875,9,'32C','FIRST',1),(1876,9,'32D','FIRST',1),(1877,9,'33A','FIRST',1),(1878,9,'33B','FIRST',1),(1879,9,'33C','FIRST',1),(1880,9,'33D','FIRST',1),(1881,12,'1A','ECONOMY',1),(1882,12,'1B','ECONOMY',1),(1883,12,'1C','ECONOMY',1),(1884,12,'1D','ECONOMY',1),(1885,12,'1E','ECONOMY',1),(1886,12,'1F','ECONOMY',1),(1887,12,'2A','ECONOMY',1),(1888,12,'2B','ECONOMY',1),(1889,12,'2C','ECONOMY',1),(1890,12,'2D','ECONOMY',1),(1891,12,'2E','ECONOMY',1),(1892,12,'2F','ECONOMY',1),(1893,12,'3A','ECONOMY',1),(1894,12,'3B','ECONOMY',1),(1895,12,'3C','ECONOMY',1),(1896,12,'3D','ECONOMY',1),(1897,12,'3E','ECONOMY',1),(1898,12,'3F','ECONOMY',1),(1899,12,'4A','ECONOMY',1),(1900,12,'4B','ECONOMY',1),(1901,12,'4C','ECONOMY',1),(1902,12,'4D','ECONOMY',1),(1903,12,'4E','ECONOMY',1),(1904,12,'4F','ECONOMY',1),(1905,12,'5A','ECONOMY',1),(1906,12,'5B','ECONOMY',1),(1907,12,'5C','ECONOMY',1),(1908,12,'5D','ECONOMY',1),(1909,12,'5E','ECONOMY',1),(1910,12,'5F','ECONOMY',1),(1911,12,'6A','ECONOMY',1),(1912,12,'6B','ECONOMY',1),(1913,12,'6C','ECONOMY',1),(1914,12,'6D','ECONOMY',1),(1915,12,'6E','ECONOMY',1),(1916,12,'6F','ECONOMY',1),(1917,12,'7A','ECONOMY',1),(1918,12,'7B','ECONOMY',1),(1919,12,'7C','ECONOMY',1),(1920,12,'7D','ECONOMY',1),(1921,12,'7E','ECONOMY',1),(1922,12,'7F','ECONOMY',1),(1923,12,'8A','ECONOMY',1),(1924,12,'8B','ECONOMY',1),(1925,12,'8C','ECONOMY',1),(1926,12,'8D','ECONOMY',1),(1927,12,'8E','ECONOMY',1),(1928,12,'8F','ECONOMY',1),(1929,12,'9A','ECONOMY',1),(1930,12,'9B','ECONOMY',1),(1931,12,'9C','ECONOMY',1),(1932,12,'9D','ECONOMY',1),(1933,12,'9E','ECONOMY',1),(1934,12,'9F','ECONOMY',1),(1935,12,'10A','ECONOMY',1),(1936,12,'10B','ECONOMY',1),(1937,12,'10C','ECONOMY',1),(1938,12,'10D','ECONOMY',1),(1939,12,'10E','ECONOMY',1),(1940,12,'10F','ECONOMY',1),(1941,12,'11A','ECONOMY',1),(1942,12,'11B','ECONOMY',1),(1943,12,'11C','ECONOMY',1),(1944,12,'11D','ECONOMY',1),(1945,12,'11E','ECONOMY',1),(1946,12,'11F','ECONOMY',1),(1947,12,'12A','ECONOMY',1),(1948,12,'12B','ECONOMY',1),(1949,12,'12C','ECONOMY',1),(1950,12,'12D','ECONOMY',1),(1951,12,'12E','ECONOMY',1),(1952,12,'12F','ECONOMY',1),(1953,12,'13A','ECONOMY',1),(1954,12,'13B','ECONOMY',1),(1955,12,'13C','ECONOMY',1),(1956,12,'13D','ECONOMY',1),(1957,12,'13E','ECONOMY',1),(1958,12,'13F','ECONOMY',1),(1959,12,'14A','ECONOMY',1),(1960,12,'14B','ECONOMY',1),(1961,12,'14C','ECONOMY',1),(1962,12,'14D','ECONOMY',1),(1963,12,'14E','ECONOMY',1),(1964,12,'14F','ECONOMY',1),(1965,12,'15A','ECONOMY',1),(1966,12,'15B','ECONOMY',1),(1967,12,'15C','ECONOMY',1),(1968,12,'15D','ECONOMY',1),(1969,12,'15E','ECONOMY',1),(1970,12,'15F','ECONOMY',1),(1971,12,'16A','ECONOMY',1),(1972,12,'16B','ECONOMY',1),(1973,12,'16C','ECONOMY',1),(1974,12,'16D','ECONOMY',1),(1975,12,'16E','ECONOMY',1),(1976,12,'16F','ECONOMY',1),(1977,12,'17A','ECONOMY',1),(1978,12,'17B','ECONOMY',1),(1979,12,'17C','ECONOMY',1),(1980,12,'17D','ECONOMY',1),(1981,12,'17E','ECONOMY',1),(1982,12,'17F','ECONOMY',1),(1983,12,'18A','ECONOMY',1),(1984,12,'18B','ECONOMY',1),(1985,12,'18C','ECONOMY',1),(1986,12,'18D','ECONOMY',1),(1987,12,'18E','ECONOMY',1),(1988,12,'18F','ECONOMY',1),(1989,12,'19A','ECONOMY',1),(1990,12,'19B','ECONOMY',1),(1991,12,'19C','ECONOMY',1),(1992,12,'19D','ECONOMY',1),(1993,12,'19E','ECONOMY',1),(1994,12,'19F','ECONOMY',1),(1995,12,'20A','ECONOMY',1),(1996,12,'20B','ECONOMY',1),(1997,12,'20C','ECONOMY',1),(1998,12,'20D','ECONOMY',1),(1999,12,'20E','ECONOMY',1),(2000,12,'20F','ECONOMY',1),(2001,12,'21A','ECONOMY',1),(2002,12,'21B','ECONOMY',1),(2003,12,'21C','ECONOMY',1),(2004,12,'21D','ECONOMY',1),(2005,12,'21E','ECONOMY',1),(2006,12,'21F','ECONOMY',1),(2007,12,'22A','ECONOMY',1),(2008,12,'22B','ECONOMY',1),(2009,12,'22C','ECONOMY',1),(2010,12,'22D','ECONOMY',1),(2011,12,'22E','ECONOMY',1),(2012,12,'22F','ECONOMY',1),(2013,12,'23A','ECONOMY',1),(2014,12,'23B','ECONOMY',1),(2015,12,'23C','ECONOMY',1),(2016,12,'23D','ECONOMY',1),(2017,12,'23E','ECONOMY',1),(2018,12,'23F','ECONOMY',1),(2019,12,'24A','ECONOMY',1),(2020,12,'24B','ECONOMY',1),(2021,12,'24C','ECONOMY',1),(2022,12,'24D','ECONOMY',1),(2023,12,'24E','ECONOMY',1),(2024,12,'24F','ECONOMY',1),(2025,12,'25A','ECONOMY',1),(2026,12,'25B','ECONOMY',1),(2027,12,'25C','ECONOMY',1),(2028,12,'25D','ECONOMY',1),(2029,12,'25E','ECONOMY',1),(2030,12,'25F','ECONOMY',1),(2031,12,'26A','BUSINESS',1),(2032,12,'26B','BUSINESS',1),(2033,12,'26C','BUSINESS',1),(2034,12,'26D','BUSINESS',1),(2035,12,'26E','BUSINESS',1),(2036,12,'27A','BUSINESS',1),(2037,12,'27B','BUSINESS',1),(2038,12,'27C','BUSINESS',1),(2039,12,'27D','BUSINESS',1),(2040,12,'27E','BUSINESS',1),(2041,12,'28A','BUSINESS',1),(2042,12,'28B','BUSINESS',1),(2043,12,'28C','BUSINESS',1),(2044,12,'28D','BUSINESS',1),(2045,12,'28E','BUSINESS',1),(2046,12,'29A','BUSINESS',1),(2047,12,'29B','BUSINESS',1),(2048,12,'29C','BUSINESS',1),(2049,12,'29D','BUSINESS',1),(2050,12,'29E','BUSINESS',1),(2051,12,'30A','BUSINESS',1),(2052,12,'30B','BUSINESS',1),(2053,12,'30C','BUSINESS',1),(2054,12,'30D','BUSINESS',1),(2055,12,'30E','BUSINESS',1),(2056,12,'31A','BUSINESS',1),(2057,12,'31B','BUSINESS',1),(2058,12,'31C','BUSINESS',1),(2059,12,'31D','BUSINESS',1),(2060,12,'31E','BUSINESS',1),(2061,12,'32A','FIRST',1),(2062,12,'32B','FIRST',1),(2063,12,'32C','FIRST',1),(2064,12,'32D','FIRST',1),(2065,12,'33A','FIRST',1),(2066,12,'33B','FIRST',1),(2067,12,'33C','FIRST',1),(2068,12,'33D','FIRST',1),(2069,15,'1A','ECONOMY',1),(2070,15,'1B','ECONOMY',1),(2071,15,'1C','ECONOMY',1),(2072,15,'1D','ECONOMY',1),(2073,15,'1E','ECONOMY',1),(2074,15,'1F','ECONOMY',1),(2075,15,'2A','ECONOMY',1),(2076,15,'2B','ECONOMY',1),(2077,15,'2C','ECONOMY',1),(2078,15,'2D','ECONOMY',1),(2079,15,'2E','ECONOMY',1),(2080,15,'2F','ECONOMY',1),(2081,15,'3A','ECONOMY',1),(2082,15,'3B','ECONOMY',1),(2083,15,'3C','ECONOMY',1),(2084,15,'3D','ECONOMY',1),(2085,15,'3E','ECONOMY',1),(2086,15,'3F','ECONOMY',1),(2087,15,'4A','ECONOMY',1),(2088,15,'4B','ECONOMY',1),(2089,15,'4C','ECONOMY',1),(2090,15,'4D','ECONOMY',1),(2091,15,'4E','ECONOMY',1),(2092,15,'4F','ECONOMY',1),(2093,15,'5A','ECONOMY',1),(2094,15,'5B','ECONOMY',1),(2095,15,'5C','ECONOMY',1),(2096,15,'5D','ECONOMY',1),(2097,15,'5E','ECONOMY',1),(2098,15,'5F','ECONOMY',1),(2099,15,'6A','ECONOMY',1),(2100,15,'6B','ECONOMY',1),(2101,15,'6C','ECONOMY',1),(2102,15,'6D','ECONOMY',1),(2103,15,'6E','ECONOMY',1),(2104,15,'6F','ECONOMY',1),(2105,15,'7A','ECONOMY',1),(2106,15,'7B','ECONOMY',1),(2107,15,'7C','ECONOMY',1),(2108,15,'7D','ECONOMY',1),(2109,15,'7E','ECONOMY',1),(2110,15,'7F','ECONOMY',1),(2111,15,'8A','ECONOMY',1),(2112,15,'8B','ECONOMY',1),(2113,15,'8C','ECONOMY',1),(2114,15,'8D','ECONOMY',1),(2115,15,'8E','ECONOMY',1),(2116,15,'8F','ECONOMY',1),(2117,15,'9A','ECONOMY',1),(2118,15,'9B','ECONOMY',1),(2119,15,'9C','ECONOMY',1),(2120,15,'9D','ECONOMY',1),(2121,15,'9E','ECONOMY',1),(2122,15,'9F','ECONOMY',1),(2123,15,'10A','ECONOMY',1),(2124,15,'10B','ECONOMY',1),(2125,15,'10C','ECONOMY',1),(2126,15,'10D','ECONOMY',1),(2127,15,'10E','ECONOMY',1),(2128,15,'10F','ECONOMY',1),(2129,15,'11A','ECONOMY',1),(2130,15,'11B','ECONOMY',1),(2131,15,'11C','ECONOMY',1),(2132,15,'11D','ECONOMY',1),(2133,15,'11E','ECONOMY',1),(2134,15,'11F','ECONOMY',1),(2135,15,'12A','ECONOMY',1),(2136,15,'12B','ECONOMY',1),(2137,15,'12C','ECONOMY',1),(2138,15,'12D','ECONOMY',1),(2139,15,'12E','ECONOMY',1),(2140,15,'12F','ECONOMY',1),(2141,15,'13A','ECONOMY',1),(2142,15,'13B','ECONOMY',1),(2143,15,'13C','ECONOMY',1),(2144,15,'13D','ECONOMY',1),(2145,15,'13E','ECONOMY',1),(2146,15,'13F','ECONOMY',1),(2147,15,'14A','ECONOMY',1),(2148,15,'14B','ECONOMY',1),(2149,15,'14C','ECONOMY',1),(2150,15,'14D','ECONOMY',1),(2151,15,'14E','ECONOMY',1),(2152,15,'14F','ECONOMY',1),(2153,15,'15A','ECONOMY',1),(2154,15,'15B','ECONOMY',1),(2155,15,'15C','ECONOMY',1),(2156,15,'15D','ECONOMY',1),(2157,15,'15E','ECONOMY',1),(2158,15,'15F','ECONOMY',1),(2159,15,'16A','ECONOMY',1),(2160,15,'16B','ECONOMY',1),(2161,15,'16C','ECONOMY',1),(2162,15,'16D','ECONOMY',1),(2163,15,'16E','ECONOMY',1),(2164,15,'16F','ECONOMY',1),(2165,15,'17A','ECONOMY',1),(2166,15,'17B','ECONOMY',1),(2167,15,'17C','ECONOMY',1),(2168,15,'17D','ECONOMY',1),(2169,15,'17E','ECONOMY',1),(2170,15,'17F','ECONOMY',1),(2171,15,'18A','ECONOMY',1),(2172,15,'18B','ECONOMY',1),(2173,15,'18C','ECONOMY',1),(2174,15,'18D','ECONOMY',1),(2175,15,'18E','ECONOMY',1),(2176,15,'18F','ECONOMY',1),(2177,15,'19A','ECONOMY',1),(2178,15,'19B','ECONOMY',1),(2179,15,'19C','ECONOMY',1),(2180,15,'19D','ECONOMY',1),(2181,15,'19E','ECONOMY',1),(2182,15,'19F','ECONOMY',1),(2183,15,'20A','ECONOMY',1),(2184,15,'20B','ECONOMY',1),(2185,15,'20C','ECONOMY',1),(2186,15,'20D','ECONOMY',1),(2187,15,'20E','ECONOMY',1),(2188,15,'20F','ECONOMY',1),(2189,15,'21A','ECONOMY',1),(2190,15,'21B','ECONOMY',1),(2191,15,'21C','ECONOMY',1),(2192,15,'21D','ECONOMY',1),(2193,15,'21E','ECONOMY',1),(2194,15,'21F','ECONOMY',1),(2195,15,'22A','ECONOMY',1),(2196,15,'22B','ECONOMY',1),(2197,15,'22C','ECONOMY',1),(2198,15,'22D','ECONOMY',1),(2199,15,'22E','ECONOMY',1),(2200,15,'22F','ECONOMY',1),(2201,15,'23A','ECONOMY',1),(2202,15,'23B','ECONOMY',1),(2203,15,'23C','ECONOMY',1),(2204,15,'23D','ECONOMY',1),(2205,15,'23E','ECONOMY',1),(2206,15,'23F','ECONOMY',1),(2207,15,'24A','ECONOMY',1),(2208,15,'24B','ECONOMY',1),(2209,15,'24C','ECONOMY',1),(2210,15,'24D','ECONOMY',1),(2211,15,'24E','ECONOMY',1),(2212,15,'24F','ECONOMY',1),(2213,15,'25A','ECONOMY',1),(2214,15,'25B','ECONOMY',1),(2215,15,'25C','ECONOMY',1),(2216,15,'25D','ECONOMY',1),(2217,15,'25E','ECONOMY',1),(2218,15,'25F','ECONOMY',1),(2219,15,'26A','BUSINESS',1),(2220,15,'26B','BUSINESS',1),(2221,15,'26C','BUSINESS',1),(2222,15,'26D','BUSINESS',1),(2223,15,'26E','BUSINESS',1),(2224,15,'27A','BUSINESS',1),(2225,15,'27B','BUSINESS',1),(2226,15,'27C','BUSINESS',1),(2227,15,'27D','BUSINESS',1),(2228,15,'27E','BUSINESS',1),(2229,15,'28A','BUSINESS',1),(2230,15,'28B','BUSINESS',1),(2231,15,'28C','BUSINESS',1),(2232,15,'28D','BUSINESS',1),(2233,15,'28E','BUSINESS',1),(2234,15,'29A','BUSINESS',1),(2235,15,'29B','BUSINESS',1),(2236,15,'29C','BUSINESS',1),(2237,15,'29D','BUSINESS',1),(2238,15,'29E','BUSINESS',1),(2239,15,'30A','BUSINESS',1),(2240,15,'30B','BUSINESS',1),(2241,15,'30C','BUSINESS',1),(2242,15,'30D','BUSINESS',1),(2243,15,'30E','BUSINESS',1),(2244,15,'31A','BUSINESS',1),(2245,15,'31B','BUSINESS',1),(2246,15,'31C','BUSINESS',1),(2247,15,'31D','BUSINESS',1),(2248,15,'31E','BUSINESS',1),(2249,15,'32A','FIRST',1),(2250,15,'32B','FIRST',1),(2251,15,'32C','FIRST',1),(2252,15,'32D','FIRST',1),(2253,15,'33A','FIRST',1),(2254,15,'33B','FIRST',1),(2255,15,'33C','FIRST',1),(2256,15,'33D','FIRST',1),(2257,18,'1A','ECONOMY',1),(2258,18,'1B','ECONOMY',1),(2259,18,'1C','ECONOMY',1),(2260,18,'1D','ECONOMY',1),(2261,18,'1E','ECONOMY',1),(2262,18,'1F','ECONOMY',1),(2263,18,'2A','ECONOMY',1),(2264,18,'2B','ECONOMY',1),(2265,18,'2C','ECONOMY',1),(2266,18,'2D','ECONOMY',1),(2267,18,'2E','ECONOMY',1),(2268,18,'2F','ECONOMY',1),(2269,18,'3A','ECONOMY',1),(2270,18,'3B','ECONOMY',1),(2271,18,'3C','ECONOMY',1),(2272,18,'3D','ECONOMY',1),(2273,18,'3E','ECONOMY',1),(2274,18,'3F','ECONOMY',1),(2275,18,'4A','ECONOMY',1),(2276,18,'4B','ECONOMY',1),(2277,18,'4C','ECONOMY',1),(2278,18,'4D','ECONOMY',1),(2279,18,'4E','ECONOMY',1),(2280,18,'4F','ECONOMY',1),(2281,18,'5A','ECONOMY',1),(2282,18,'5B','ECONOMY',1),(2283,18,'5C','ECONOMY',1),(2284,18,'5D','ECONOMY',1),(2285,18,'5E','ECONOMY',1),(2286,18,'5F','ECONOMY',1),(2287,18,'6A','ECONOMY',1),(2288,18,'6B','ECONOMY',1),(2289,18,'6C','ECONOMY',1),(2290,18,'6D','ECONOMY',1),(2291,18,'6E','ECONOMY',1),(2292,18,'6F','ECONOMY',1),(2293,18,'7A','ECONOMY',1),(2294,18,'7B','ECONOMY',1),(2295,18,'7C','ECONOMY',1),(2296,18,'7D','ECONOMY',1),(2297,18,'7E','ECONOMY',1),(2298,18,'7F','ECONOMY',1),(2299,18,'8A','ECONOMY',1),(2300,18,'8B','ECONOMY',1),(2301,18,'8C','ECONOMY',1),(2302,18,'8D','ECONOMY',1),(2303,18,'8E','ECONOMY',1),(2304,18,'8F','ECONOMY',1),(2305,18,'9A','ECONOMY',1),(2306,18,'9B','ECONOMY',1),(2307,18,'9C','ECONOMY',1),(2308,18,'9D','ECONOMY',1),(2309,18,'9E','ECONOMY',1),(2310,18,'9F','ECONOMY',1),(2311,18,'10A','ECONOMY',1),(2312,18,'10B','ECONOMY',1),(2313,18,'10C','ECONOMY',1),(2314,18,'10D','ECONOMY',1),(2315,18,'10E','ECONOMY',1),(2316,18,'10F','ECONOMY',1),(2317,18,'11A','ECONOMY',1),(2318,18,'11B','ECONOMY',1),(2319,18,'11C','ECONOMY',1),(2320,18,'11D','ECONOMY',1),(2321,18,'11E','ECONOMY',1),(2322,18,'11F','ECONOMY',1),(2323,18,'12A','ECONOMY',1),(2324,18,'12B','ECONOMY',1),(2325,18,'12C','ECONOMY',1),(2326,18,'12D','ECONOMY',1),(2327,18,'12E','ECONOMY',1),(2328,18,'12F','ECONOMY',1),(2329,18,'13A','ECONOMY',1),(2330,18,'13B','ECONOMY',1),(2331,18,'13C','ECONOMY',1),(2332,18,'13D','ECONOMY',1),(2333,18,'13E','ECONOMY',1),(2334,18,'13F','ECONOMY',1),(2335,18,'14A','ECONOMY',1),(2336,18,'14B','ECONOMY',1),(2337,18,'14C','ECONOMY',1),(2338,18,'14D','ECONOMY',1),(2339,18,'14E','ECONOMY',1),(2340,18,'14F','ECONOMY',1),(2341,18,'15A','ECONOMY',1),(2342,18,'15B','ECONOMY',1),(2343,18,'15C','ECONOMY',1),(2344,18,'15D','ECONOMY',1),(2345,18,'15E','ECONOMY',1),(2346,18,'15F','ECONOMY',1),(2347,18,'16A','ECONOMY',1),(2348,18,'16B','ECONOMY',1),(2349,18,'16C','ECONOMY',1),(2350,18,'16D','ECONOMY',1),(2351,18,'16E','ECONOMY',1),(2352,18,'16F','ECONOMY',1),(2353,18,'17A','ECONOMY',1),(2354,18,'17B','ECONOMY',1),(2355,18,'17C','ECONOMY',1),(2356,18,'17D','ECONOMY',1),(2357,18,'17E','ECONOMY',1),(2358,18,'17F','ECONOMY',1),(2359,18,'18A','ECONOMY',1),(2360,18,'18B','ECONOMY',1),(2361,18,'18C','ECONOMY',1),(2362,18,'18D','ECONOMY',1),(2363,18,'18E','ECONOMY',1),(2364,18,'18F','ECONOMY',1),(2365,18,'19A','ECONOMY',1),(2366,18,'19B','ECONOMY',1),(2367,18,'19C','ECONOMY',1),(2368,18,'19D','ECONOMY',1),(2369,18,'19E','ECONOMY',1),(2370,18,'19F','ECONOMY',1),(2371,18,'20A','ECONOMY',1),(2372,18,'20B','ECONOMY',1),(2373,18,'20C','ECONOMY',1),(2374,18,'20D','ECONOMY',1),(2375,18,'20E','ECONOMY',1),(2376,18,'20F','ECONOMY',1),(2377,18,'21A','ECONOMY',1),(2378,18,'21B','ECONOMY',1),(2379,18,'21C','ECONOMY',1),(2380,18,'21D','ECONOMY',1),(2381,18,'21E','ECONOMY',1),(2382,18,'21F','ECONOMY',1),(2383,18,'22A','ECONOMY',1),(2384,18,'22B','ECONOMY',1),(2385,18,'22C','ECONOMY',1),(2386,18,'22D','ECONOMY',1),(2387,18,'22E','ECONOMY',1),(2388,18,'22F','ECONOMY',1),(2389,18,'23A','ECONOMY',1),(2390,18,'23B','ECONOMY',1),(2391,18,'23C','ECONOMY',1),(2392,18,'23D','ECONOMY',1),(2393,18,'23E','ECONOMY',1),(2394,18,'23F','ECONOMY',1),(2395,18,'24A','ECONOMY',1),(2396,18,'24B','ECONOMY',1),(2397,18,'24C','ECONOMY',1),(2398,18,'24D','ECONOMY',1),(2399,18,'24E','ECONOMY',1),(2400,18,'24F','ECONOMY',1),(2401,18,'25A','ECONOMY',1),(2402,18,'25B','ECONOMY',1),(2403,18,'25C','ECONOMY',1),(2404,18,'25D','ECONOMY',1),(2405,18,'25E','ECONOMY',1),(2406,18,'25F','ECONOMY',1),(2407,18,'26A','BUSINESS',1),(2408,18,'26B','BUSINESS',1),(2409,18,'26C','BUSINESS',1),(2410,18,'26D','BUSINESS',1),(2411,18,'26E','BUSINESS',1),(2412,18,'27A','BUSINESS',1),(2413,18,'27B','BUSINESS',1),(2414,18,'27C','BUSINESS',1),(2415,18,'27D','BUSINESS',1),(2416,18,'27E','BUSINESS',1),(2417,18,'28A','BUSINESS',1),(2418,18,'28B','BUSINESS',1),(2419,18,'28C','BUSINESS',1),(2420,18,'28D','BUSINESS',1),(2421,18,'28E','BUSINESS',1),(2422,18,'29A','BUSINESS',1),(2423,18,'29B','BUSINESS',1),(2424,18,'29C','BUSINESS',1),(2425,18,'29D','BUSINESS',1),(2426,18,'29E','BUSINESS',1),(2427,18,'30A','BUSINESS',1),(2428,18,'30B','BUSINESS',1),(2429,18,'30C','BUSINESS',1),(2430,18,'30D','BUSINESS',1),(2431,18,'30E','BUSINESS',1),(2432,18,'31A','BUSINESS',1),(2433,18,'31B','BUSINESS',1),(2434,18,'31C','BUSINESS',1),(2435,18,'31D','BUSINESS',1),(2436,18,'31E','BUSINESS',1),(2437,18,'32A','FIRST',1),(2438,18,'32B','FIRST',1),(2439,18,'32C','FIRST',1),(2440,18,'32D','FIRST',1),(2441,18,'33A','FIRST',1),(2442,18,'33B','FIRST',1),(2443,18,'33C','FIRST',1),(2444,18,'33D','FIRST',1),(2445,4,'1A','ECONOMY',1),(2446,4,'1B','ECONOMY',1),(2447,4,'1C','ECONOMY',1),(2448,4,'1D','ECONOMY',1),(2449,4,'1E','ECONOMY',1),(2450,4,'1F','ECONOMY',1),(2451,4,'2A','ECONOMY',1),(2452,4,'2B','ECONOMY',1),(2453,4,'2C','ECONOMY',1),(2454,4,'2D','ECONOMY',1),(2455,4,'2E','ECONOMY',1),(2456,4,'2F','ECONOMY',1),(2457,4,'3A','ECONOMY',1),(2458,4,'3B','ECONOMY',1),(2459,4,'3C','ECONOMY',1),(2460,4,'3D','ECONOMY',1),(2461,4,'3E','ECONOMY',1),(2462,4,'3F','ECONOMY',1),(2463,4,'4A','ECONOMY',1),(2464,4,'4B','ECONOMY',1),(2465,4,'4C','ECONOMY',1),(2466,4,'4D','ECONOMY',1),(2467,4,'4E','ECONOMY',1),(2468,4,'4F','ECONOMY',1),(2469,4,'5A','ECONOMY',1),(2470,4,'5B','ECONOMY',1),(2471,4,'5C','ECONOMY',1),(2472,4,'5D','ECONOMY',1),(2473,4,'5E','ECONOMY',1),(2474,4,'5F','ECONOMY',1),(2475,4,'6A','ECONOMY',1),(2476,4,'6B','ECONOMY',1),(2477,4,'6C','ECONOMY',1),(2478,4,'6D','ECONOMY',1),(2479,4,'6E','ECONOMY',1),(2480,4,'6F','ECONOMY',1),(2481,4,'7A','ECONOMY',1),(2482,4,'7B','ECONOMY',1),(2483,4,'7C','ECONOMY',1),(2484,4,'7D','ECONOMY',1),(2485,4,'7E','ECONOMY',1),(2486,4,'7F','ECONOMY',1),(2487,4,'8A','ECONOMY',1),(2488,4,'8B','ECONOMY',1),(2489,4,'8C','ECONOMY',1),(2490,4,'8D','ECONOMY',1),(2491,4,'8E','ECONOMY',1),(2492,4,'8F','ECONOMY',1),(2493,4,'9A','ECONOMY',1),(2494,4,'9B','ECONOMY',1),(2495,4,'9C','ECONOMY',1),(2496,4,'9D','ECONOMY',1),(2497,4,'9E','ECONOMY',1),(2498,4,'9F','ECONOMY',1),(2499,4,'10A','ECONOMY',1),(2500,4,'10B','ECONOMY',1),(2501,4,'10C','ECONOMY',1),(2502,4,'10D','ECONOMY',1),(2503,4,'10E','ECONOMY',1),(2504,4,'10F','ECONOMY',1),(2505,4,'11A','ECONOMY',1),(2506,4,'11B','ECONOMY',1),(2507,4,'11C','ECONOMY',1),(2508,4,'11D','ECONOMY',1),(2509,4,'11E','ECONOMY',1),(2510,4,'11F','ECONOMY',1),(2511,4,'12A','ECONOMY',1),(2512,4,'12B','ECONOMY',1),(2513,4,'12C','ECONOMY',1),(2514,4,'12D','ECONOMY',1),(2515,4,'12E','ECONOMY',1),(2516,4,'12F','ECONOMY',1),(2517,4,'13A','ECONOMY',1),(2518,4,'13B','ECONOMY',1),(2519,4,'13C','ECONOMY',1),(2520,4,'13D','ECONOMY',1),(2521,4,'13E','ECONOMY',1),(2522,4,'13F','ECONOMY',1),(2523,4,'14A','ECONOMY',1),(2524,4,'14B','ECONOMY',1),(2525,4,'14C','ECONOMY',1),(2526,4,'14D','ECONOMY',1),(2527,4,'14E','ECONOMY',1),(2528,4,'14F','ECONOMY',1),(2529,4,'15A','ECONOMY',1),(2530,4,'15B','ECONOMY',1),(2531,4,'15C','ECONOMY',1),(2532,4,'15D','ECONOMY',1),(2533,4,'15E','ECONOMY',1),(2534,4,'15F','ECONOMY',1),(2535,4,'16A','ECONOMY',1),(2536,4,'16B','ECONOMY',1),(2537,4,'16C','ECONOMY',1),(2538,4,'16D','ECONOMY',1),(2539,4,'16E','ECONOMY',1),(2540,4,'16F','ECONOMY',1),(2541,4,'17A','ECONOMY',1),(2542,4,'17B','ECONOMY',1),(2543,4,'17C','ECONOMY',1),(2544,4,'17D','ECONOMY',1),(2545,4,'17E','ECONOMY',1),(2546,4,'17F','ECONOMY',1),(2547,4,'18A','ECONOMY',1),(2548,4,'18B','ECONOMY',1),(2549,4,'18C','ECONOMY',1),(2550,4,'18D','ECONOMY',1),(2551,4,'18E','ECONOMY',1),(2552,4,'18F','ECONOMY',1),(2553,4,'19A','ECONOMY',1),(2554,4,'19B','ECONOMY',1),(2555,4,'19C','ECONOMY',1),(2556,4,'19D','ECONOMY',1),(2557,4,'19E','ECONOMY',1),(2558,4,'19F','ECONOMY',1),(2559,4,'20A','ECONOMY',1),(2560,4,'20B','ECONOMY',1),(2561,4,'20C','ECONOMY',1),(2562,4,'20D','ECONOMY',1),(2563,4,'20E','ECONOMY',1),(2564,4,'20F','ECONOMY',1),(2565,4,'21A','ECONOMY',1),(2566,4,'21B','ECONOMY',1),(2567,4,'21C','ECONOMY',1),(2568,4,'21D','ECONOMY',1),(2569,4,'21E','ECONOMY',1),(2570,4,'21F','ECONOMY',1),(2571,4,'22A','ECONOMY',1),(2572,4,'22B','ECONOMY',1),(2573,4,'22C','ECONOMY',1),(2574,4,'22D','ECONOMY',1),(2575,4,'22E','ECONOMY',1),(2576,4,'22F','ECONOMY',1),(2577,4,'23A','ECONOMY',1),(2578,4,'23B','ECONOMY',1),(2579,4,'23C','ECONOMY',1),(2580,4,'23D','ECONOMY',1),(2581,4,'23E','ECONOMY',1),(2582,4,'23F','ECONOMY',1),(2583,4,'24A','ECONOMY',1),(2584,4,'24B','ECONOMY',1),(2585,4,'24C','ECONOMY',1),(2586,4,'24D','ECONOMY',1),(2587,4,'24E','ECONOMY',1),(2588,4,'24F','ECONOMY',1),(2589,4,'25A','ECONOMY',1),(2590,4,'25B','ECONOMY',1),(2591,4,'25C','ECONOMY',1),(2592,4,'25D','ECONOMY',1),(2593,4,'25E','ECONOMY',1),(2594,4,'25F','ECONOMY',1),(2595,4,'26A','BUSINESS',1),(2596,4,'26B','BUSINESS',1),(2597,4,'26C','BUSINESS',1),(2598,4,'26D','BUSINESS',1),(2599,4,'26E','BUSINESS',1),(2600,4,'27A','BUSINESS',1),(2601,4,'27B','BUSINESS',1),(2602,4,'27C','BUSINESS',1),(2603,4,'27D','BUSINESS',1),(2604,4,'27E','BUSINESS',1),(2605,4,'28A','BUSINESS',1),(2606,4,'28B','BUSINESS',1),(2607,4,'28C','BUSINESS',1),(2608,4,'28D','BUSINESS',1),(2609,4,'28E','BUSINESS',1),(2610,4,'29A','BUSINESS',1),(2611,4,'29B','BUSINESS',1),(2612,4,'29C','BUSINESS',1),(2613,4,'29D','BUSINESS',1),(2614,4,'29E','BUSINESS',1),(2615,4,'30A','BUSINESS',1),(2616,4,'30B','BUSINESS',1),(2617,4,'30C','BUSINESS',1),(2618,4,'30D','BUSINESS',1),(2619,4,'30E','BUSINESS',1),(2620,4,'31A','BUSINESS',1),(2621,4,'31B','BUSINESS',1),(2622,4,'31C','BUSINESS',1),(2623,4,'31D','BUSINESS',1),(2624,4,'31E','BUSINESS',1),(2625,4,'32A','FIRST',1),(2626,4,'32B','FIRST',1),(2627,4,'32C','FIRST',1),(2628,4,'32D','FIRST',1),(2629,4,'33A','FIRST',1),(2630,4,'33B','FIRST',1),(2631,4,'33C','FIRST',1),(2632,4,'33D','FIRST',1),(2633,8,'1A','ECONOMY',1),(2634,8,'1B','ECONOMY',1),(2635,8,'1C','ECONOMY',1),(2636,8,'1D','ECONOMY',1),(2637,8,'1E','ECONOMY',1),(2638,8,'1F','ECONOMY',1),(2639,8,'2A','ECONOMY',1),(2640,8,'2B','ECONOMY',1),(2641,8,'2C','ECONOMY',1),(2642,8,'2D','ECONOMY',1),(2643,8,'2E','ECONOMY',1),(2644,8,'2F','ECONOMY',1),(2645,8,'3A','ECONOMY',1),(2646,8,'3B','ECONOMY',1),(2647,8,'3C','ECONOMY',1),(2648,8,'3D','ECONOMY',1),(2649,8,'3E','ECONOMY',1),(2650,8,'3F','ECONOMY',1),(2651,8,'4A','ECONOMY',1),(2652,8,'4B','ECONOMY',1),(2653,8,'4C','ECONOMY',1),(2654,8,'4D','ECONOMY',1),(2655,8,'4E','ECONOMY',1),(2656,8,'4F','ECONOMY',1),(2657,8,'5A','ECONOMY',1),(2658,8,'5B','ECONOMY',1),(2659,8,'5C','ECONOMY',1),(2660,8,'5D','ECONOMY',1),(2661,8,'5E','ECONOMY',1),(2662,8,'5F','ECONOMY',1),(2663,8,'6A','ECONOMY',1),(2664,8,'6B','ECONOMY',1),(2665,8,'6C','ECONOMY',1),(2666,8,'6D','ECONOMY',1),(2667,8,'6E','ECONOMY',1),(2668,8,'6F','ECONOMY',1),(2669,8,'7A','ECONOMY',1),(2670,8,'7B','ECONOMY',1),(2671,8,'7C','ECONOMY',1),(2672,8,'7D','ECONOMY',1),(2673,8,'7E','ECONOMY',1),(2674,8,'7F','ECONOMY',1),(2675,8,'8A','ECONOMY',1),(2676,8,'8B','ECONOMY',1),(2677,8,'8C','ECONOMY',1),(2678,8,'8D','ECONOMY',1),(2679,8,'8E','ECONOMY',1),(2680,8,'8F','ECONOMY',1),(2681,8,'9A','ECONOMY',1),(2682,8,'9B','ECONOMY',1),(2683,8,'9C','ECONOMY',1),(2684,8,'9D','ECONOMY',1),(2685,8,'9E','ECONOMY',1),(2686,8,'9F','ECONOMY',1),(2687,8,'10A','ECONOMY',1),(2688,8,'10B','ECONOMY',1),(2689,8,'10C','ECONOMY',1),(2690,8,'10D','ECONOMY',1),(2691,8,'10E','ECONOMY',1),(2692,8,'10F','ECONOMY',1),(2693,8,'11A','ECONOMY',1),(2694,8,'11B','ECONOMY',1),(2695,8,'11C','ECONOMY',1),(2696,8,'11D','ECONOMY',1),(2697,8,'11E','ECONOMY',1),(2698,8,'11F','ECONOMY',1),(2699,8,'12A','ECONOMY',1),(2700,8,'12B','ECONOMY',1),(2701,8,'12C','ECONOMY',1),(2702,8,'12D','ECONOMY',1),(2703,8,'12E','ECONOMY',1),(2704,8,'12F','ECONOMY',1),(2705,8,'13A','ECONOMY',1),(2706,8,'13B','ECONOMY',1),(2707,8,'13C','ECONOMY',1),(2708,8,'13D','ECONOMY',1),(2709,8,'13E','ECONOMY',1),(2710,8,'13F','ECONOMY',1),(2711,8,'14A','ECONOMY',1),(2712,8,'14B','ECONOMY',1),(2713,8,'14C','ECONOMY',1),(2714,8,'14D','ECONOMY',1),(2715,8,'14E','ECONOMY',1),(2716,8,'14F','ECONOMY',1),(2717,8,'15A','ECONOMY',1),(2718,8,'15B','ECONOMY',1),(2719,8,'15C','ECONOMY',1),(2720,8,'15D','ECONOMY',1),(2721,8,'15E','ECONOMY',1),(2722,8,'15F','ECONOMY',1),(2723,8,'16A','ECONOMY',1),(2724,8,'16B','ECONOMY',1),(2725,8,'16C','ECONOMY',1),(2726,8,'16D','ECONOMY',1),(2727,8,'16E','ECONOMY',1),(2728,8,'16F','ECONOMY',1),(2729,8,'17A','ECONOMY',1),(2730,8,'17B','ECONOMY',1),(2731,8,'17C','ECONOMY',1),(2732,8,'17D','ECONOMY',1),(2733,8,'17E','ECONOMY',1),(2734,8,'17F','ECONOMY',1),(2735,8,'18A','ECONOMY',1),(2736,8,'18B','ECONOMY',1),(2737,8,'18C','ECONOMY',1),(2738,8,'18D','ECONOMY',1),(2739,8,'18E','ECONOMY',1),(2740,8,'18F','ECONOMY',1),(2741,8,'19A','ECONOMY',1),(2742,8,'19B','ECONOMY',1),(2743,8,'19C','ECONOMY',1),(2744,8,'19D','ECONOMY',1),(2745,8,'19E','ECONOMY',1),(2746,8,'19F','ECONOMY',1),(2747,8,'20A','ECONOMY',1),(2748,8,'20B','ECONOMY',1),(2749,8,'20C','ECONOMY',1),(2750,8,'20D','ECONOMY',1),(2751,8,'20E','ECONOMY',1),(2752,8,'20F','ECONOMY',1),(2753,8,'21A','ECONOMY',1),(2754,8,'21B','ECONOMY',1),(2755,8,'21C','ECONOMY',1),(2756,8,'21D','ECONOMY',1),(2757,8,'21E','ECONOMY',1),(2758,8,'21F','ECONOMY',1),(2759,8,'22A','ECONOMY',1),(2760,8,'22B','ECONOMY',1),(2761,8,'22C','ECONOMY',1),(2762,8,'22D','ECONOMY',1),(2763,8,'22E','ECONOMY',1),(2764,8,'22F','ECONOMY',1),(2765,8,'23A','ECONOMY',1),(2766,8,'23B','ECONOMY',1),(2767,8,'23C','ECONOMY',1),(2768,8,'23D','ECONOMY',1),(2769,8,'23E','ECONOMY',1),(2770,8,'23F','ECONOMY',1),(2771,8,'24A','ECONOMY',1),(2772,8,'24B','ECONOMY',1),(2773,8,'24C','ECONOMY',1),(2774,8,'24D','ECONOMY',1),(2775,8,'24E','ECONOMY',1),(2776,8,'24F','ECONOMY',1),(2777,8,'25A','ECONOMY',1),(2778,8,'25B','ECONOMY',1),(2779,8,'25C','ECONOMY',1),(2780,8,'25D','ECONOMY',1),(2781,8,'25E','ECONOMY',1),(2782,8,'25F','ECONOMY',1),(2783,8,'26A','BUSINESS',1),(2784,8,'26B','BUSINESS',1),(2785,8,'26C','BUSINESS',1),(2786,8,'26D','BUSINESS',1),(2787,8,'26E','BUSINESS',1),(2788,8,'27A','BUSINESS',1),(2789,8,'27B','BUSINESS',1),(2790,8,'27C','BUSINESS',1),(2791,8,'27D','BUSINESS',1),(2792,8,'27E','BUSINESS',1),(2793,8,'28A','BUSINESS',1),(2794,8,'28B','BUSINESS',1),(2795,8,'28C','BUSINESS',1),(2796,8,'28D','BUSINESS',1),(2797,8,'28E','BUSINESS',1),(2798,8,'29A','BUSINESS',1),(2799,8,'29B','BUSINESS',1),(2800,8,'29C','BUSINESS',1),(2801,8,'29D','BUSINESS',1),(2802,8,'29E','BUSINESS',1),(2803,8,'30A','BUSINESS',1),(2804,8,'30B','BUSINESS',1),(2805,8,'30C','BUSINESS',1),(2806,8,'30D','BUSINESS',1),(2807,8,'30E','BUSINESS',1),(2808,8,'31A','BUSINESS',1),(2809,8,'31B','BUSINESS',1),(2810,8,'31C','BUSINESS',1),(2811,8,'31D','BUSINESS',1),(2812,8,'31E','BUSINESS',1),(2813,8,'32A','FIRST',1),(2814,8,'32B','FIRST',1),(2815,8,'32C','FIRST',1),(2816,8,'32D','FIRST',1),(2817,8,'33A','FIRST',1),(2818,8,'33B','FIRST',1),(2819,8,'33C','FIRST',1),(2820,8,'33D','FIRST',1),(2821,14,'1A','ECONOMY',1),(2822,14,'1B','ECONOMY',1),(2823,14,'1C','ECONOMY',1),(2824,14,'1D','ECONOMY',1),(2825,14,'1E','ECONOMY',1),(2826,14,'1F','ECONOMY',1),(2827,14,'2A','ECONOMY',1),(2828,14,'2B','ECONOMY',1),(2829,14,'2C','ECONOMY',1),(2830,14,'2D','ECONOMY',1),(2831,14,'2E','ECONOMY',1),(2832,14,'2F','ECONOMY',1),(2833,14,'3A','ECONOMY',1),(2834,14,'3B','ECONOMY',1),(2835,14,'3C','ECONOMY',1),(2836,14,'3D','ECONOMY',1),(2837,14,'3E','ECONOMY',1),(2838,14,'3F','ECONOMY',1),(2839,14,'4A','ECONOMY',1),(2840,14,'4B','ECONOMY',1),(2841,14,'4C','ECONOMY',1),(2842,14,'4D','ECONOMY',1),(2843,14,'4E','ECONOMY',1),(2844,14,'4F','ECONOMY',1),(2845,14,'5A','ECONOMY',1),(2846,14,'5B','ECONOMY',1),(2847,14,'5C','ECONOMY',1),(2848,14,'5D','ECONOMY',1),(2849,14,'5E','ECONOMY',1),(2850,14,'5F','ECONOMY',1),(2851,14,'6A','ECONOMY',1),(2852,14,'6B','ECONOMY',1),(2853,14,'6C','ECONOMY',1),(2854,14,'6D','ECONOMY',1),(2855,14,'6E','ECONOMY',1),(2856,14,'6F','ECONOMY',1),(2857,14,'7A','ECONOMY',1),(2858,14,'7B','ECONOMY',1),(2859,14,'7C','ECONOMY',1),(2860,14,'7D','ECONOMY',1),(2861,14,'7E','ECONOMY',1),(2862,14,'7F','ECONOMY',1),(2863,14,'8A','ECONOMY',1),(2864,14,'8B','ECONOMY',1),(2865,14,'8C','ECONOMY',1),(2866,14,'8D','ECONOMY',1),(2867,14,'8E','ECONOMY',1),(2868,14,'8F','ECONOMY',1),(2869,14,'9A','ECONOMY',1),(2870,14,'9B','ECONOMY',1),(2871,14,'9C','ECONOMY',1),(2872,14,'9D','ECONOMY',1),(2873,14,'9E','ECONOMY',1),(2874,14,'9F','ECONOMY',1),(2875,14,'10A','ECONOMY',1),(2876,14,'10B','ECONOMY',1),(2877,14,'10C','ECONOMY',1),(2878,14,'10D','ECONOMY',1),(2879,14,'10E','ECONOMY',1),(2880,14,'10F','ECONOMY',1),(2881,14,'11A','ECONOMY',1),(2882,14,'11B','ECONOMY',1),(2883,14,'11C','ECONOMY',1),(2884,14,'11D','ECONOMY',1),(2885,14,'11E','ECONOMY',1),(2886,14,'11F','ECONOMY',1),(2887,14,'12A','ECONOMY',1),(2888,14,'12B','ECONOMY',1),(2889,14,'12C','ECONOMY',1),(2890,14,'12D','ECONOMY',1),(2891,14,'12E','ECONOMY',1),(2892,14,'12F','ECONOMY',1),(2893,14,'13A','ECONOMY',1),(2894,14,'13B','ECONOMY',1),(2895,14,'13C','ECONOMY',1),(2896,14,'13D','ECONOMY',1),(2897,14,'13E','ECONOMY',1),(2898,14,'13F','ECONOMY',1),(2899,14,'14A','ECONOMY',1),(2900,14,'14B','ECONOMY',1),(2901,14,'14C','ECONOMY',1),(2902,14,'14D','ECONOMY',1),(2903,14,'14E','ECONOMY',1),(2904,14,'14F','ECONOMY',1),(2905,14,'15A','ECONOMY',1),(2906,14,'15B','ECONOMY',1),(2907,14,'15C','ECONOMY',1),(2908,14,'15D','ECONOMY',1),(2909,14,'15E','ECONOMY',1),(2910,14,'15F','ECONOMY',1),(2911,14,'16A','ECONOMY',1),(2912,14,'16B','ECONOMY',1),(2913,14,'16C','ECONOMY',1),(2914,14,'16D','ECONOMY',1),(2915,14,'16E','ECONOMY',1),(2916,14,'16F','ECONOMY',1),(2917,14,'17A','ECONOMY',1),(2918,14,'17B','ECONOMY',1),(2919,14,'17C','ECONOMY',1),(2920,14,'17D','ECONOMY',1),(2921,14,'17E','ECONOMY',1),(2922,14,'17F','ECONOMY',1),(2923,14,'18A','ECONOMY',1),(2924,14,'18B','ECONOMY',1),(2925,14,'18C','ECONOMY',1),(2926,14,'18D','ECONOMY',1),(2927,14,'18E','ECONOMY',1),(2928,14,'18F','ECONOMY',1),(2929,14,'19A','ECONOMY',1),(2930,14,'19B','ECONOMY',1),(2931,14,'19C','ECONOMY',1),(2932,14,'19D','ECONOMY',1),(2933,14,'19E','ECONOMY',1),(2934,14,'19F','ECONOMY',1),(2935,14,'20A','ECONOMY',1),(2936,14,'20B','ECONOMY',1),(2937,14,'20C','ECONOMY',1),(2938,14,'20D','ECONOMY',1),(2939,14,'20E','ECONOMY',1),(2940,14,'20F','ECONOMY',1),(2941,14,'21A','ECONOMY',1),(2942,14,'21B','ECONOMY',1),(2943,14,'21C','ECONOMY',1),(2944,14,'21D','ECONOMY',1),(2945,14,'21E','ECONOMY',1),(2946,14,'21F','ECONOMY',1),(2947,14,'22A','ECONOMY',1),(2948,14,'22B','ECONOMY',1),(2949,14,'22C','ECONOMY',1),(2950,14,'22D','ECONOMY',1),(2951,14,'22E','ECONOMY',1),(2952,14,'22F','ECONOMY',1),(2953,14,'23A','ECONOMY',1),(2954,14,'23B','ECONOMY',1),(2955,14,'23C','ECONOMY',1),(2956,14,'23D','ECONOMY',1),(2957,14,'23E','ECONOMY',1),(2958,14,'23F','ECONOMY',1),(2959,14,'24A','ECONOMY',1),(2960,14,'24B','ECONOMY',1),(2961,14,'24C','ECONOMY',1),(2962,14,'24D','ECONOMY',1),(2963,14,'24E','ECONOMY',1),(2964,14,'24F','ECONOMY',1),(2965,14,'25A','ECONOMY',1),(2966,14,'25B','ECONOMY',1),(2967,14,'25C','ECONOMY',1),(2968,14,'25D','ECONOMY',1),(2969,14,'25E','ECONOMY',1),(2970,14,'25F','ECONOMY',1),(2971,14,'26A','BUSINESS',1),(2972,14,'26B','BUSINESS',1),(2973,14,'26C','BUSINESS',1),(2974,14,'26D','BUSINESS',1),(2975,14,'26E','BUSINESS',1),(2976,14,'27A','BUSINESS',1),(2977,14,'27B','BUSINESS',1),(2978,14,'27C','BUSINESS',1),(2979,14,'27D','BUSINESS',1),(2980,14,'27E','BUSINESS',1),(2981,14,'28A','BUSINESS',1),(2982,14,'28B','BUSINESS',1),(2983,14,'28C','BUSINESS',1),(2984,14,'28D','BUSINESS',1),(2985,14,'28E','BUSINESS',1),(2986,14,'29A','BUSINESS',1),(2987,14,'29B','BUSINESS',1),(2988,14,'29C','BUSINESS',1),(2989,14,'29D','BUSINESS',1),(2990,14,'29E','BUSINESS',1),(2991,14,'30A','BUSINESS',1),(2992,14,'30B','BUSINESS',1),(2993,14,'30C','BUSINESS',1),(2994,14,'30D','BUSINESS',1),(2995,14,'30E','BUSINESS',1),(2996,14,'31A','BUSINESS',1),(2997,14,'31B','BUSINESS',1),(2998,14,'31C','BUSINESS',1),(2999,14,'31D','BUSINESS',1),(3000,14,'31E','BUSINESS',1),(3001,14,'32A','FIRST',1),(3002,14,'32B','FIRST',1),(3003,14,'32C','FIRST',1),(3004,14,'32D','FIRST',1),(3005,14,'33A','FIRST',1),(3006,14,'33B','FIRST',1),(3007,14,'33C','FIRST',1),(3008,14,'33D','FIRST',1),(3009,20,'1A','ECONOMY',1),(3010,20,'1B','ECONOMY',1),(3011,20,'1C','ECONOMY',1),(3012,20,'1D','ECONOMY',1),(3013,20,'1E','ECONOMY',1),(3014,20,'1F','ECONOMY',1),(3015,20,'2A','ECONOMY',1),(3016,20,'2B','ECONOMY',1),(3017,20,'2C','ECONOMY',1),(3018,20,'2D','ECONOMY',1),(3019,20,'2E','ECONOMY',1),(3020,20,'2F','ECONOMY',1),(3021,20,'3A','ECONOMY',1),(3022,20,'3B','ECONOMY',1),(3023,20,'3C','ECONOMY',1),(3024,20,'3D','ECONOMY',1),(3025,20,'3E','ECONOMY',1),(3026,20,'3F','ECONOMY',1),(3027,20,'4A','ECONOMY',1),(3028,20,'4B','ECONOMY',1),(3029,20,'4C','ECONOMY',1),(3030,20,'4D','ECONOMY',1),(3031,20,'4E','ECONOMY',1),(3032,20,'4F','ECONOMY',1),(3033,20,'5A','ECONOMY',1),(3034,20,'5B','ECONOMY',1),(3035,20,'5C','ECONOMY',1),(3036,20,'5D','ECONOMY',1),(3037,20,'5E','ECONOMY',1),(3038,20,'5F','ECONOMY',1),(3039,20,'6A','ECONOMY',1),(3040,20,'6B','ECONOMY',1),(3041,20,'6C','ECONOMY',1),(3042,20,'6D','ECONOMY',1),(3043,20,'6E','ECONOMY',1),(3044,20,'6F','ECONOMY',1),(3045,20,'7A','ECONOMY',1),(3046,20,'7B','ECONOMY',1),(3047,20,'7C','ECONOMY',1),(3048,20,'7D','ECONOMY',1),(3049,20,'7E','ECONOMY',1),(3050,20,'7F','ECONOMY',1),(3051,20,'8A','ECONOMY',1),(3052,20,'8B','ECONOMY',1),(3053,20,'8C','ECONOMY',1),(3054,20,'8D','ECONOMY',1),(3055,20,'8E','ECONOMY',1),(3056,20,'8F','ECONOMY',1),(3057,20,'9A','ECONOMY',1),(3058,20,'9B','ECONOMY',1),(3059,20,'9C','ECONOMY',1),(3060,20,'9D','ECONOMY',1),(3061,20,'9E','ECONOMY',1),(3062,20,'9F','ECONOMY',1),(3063,20,'10A','ECONOMY',1),(3064,20,'10B','ECONOMY',1),(3065,20,'10C','ECONOMY',1),(3066,20,'10D','ECONOMY',1),(3067,20,'10E','ECONOMY',1),(3068,20,'10F','ECONOMY',1),(3069,20,'11A','ECONOMY',1),(3070,20,'11B','ECONOMY',1),(3071,20,'11C','ECONOMY',1),(3072,20,'11D','ECONOMY',1),(3073,20,'11E','ECONOMY',1),(3074,20,'11F','ECONOMY',1),(3075,20,'12A','ECONOMY',1),(3076,20,'12B','ECONOMY',1),(3077,20,'12C','ECONOMY',1),(3078,20,'12D','ECONOMY',1),(3079,20,'12E','ECONOMY',1),(3080,20,'12F','ECONOMY',1),(3081,20,'13A','ECONOMY',1),(3082,20,'13B','ECONOMY',1),(3083,20,'13C','ECONOMY',1),(3084,20,'13D','ECONOMY',1),(3085,20,'13E','ECONOMY',1),(3086,20,'13F','ECONOMY',1),(3087,20,'14A','ECONOMY',1),(3088,20,'14B','ECONOMY',1),(3089,20,'14C','ECONOMY',1),(3090,20,'14D','ECONOMY',1),(3091,20,'14E','ECONOMY',1),(3092,20,'14F','ECONOMY',1),(3093,20,'15A','ECONOMY',1),(3094,20,'15B','ECONOMY',1),(3095,20,'15C','ECONOMY',1),(3096,20,'15D','ECONOMY',1),(3097,20,'15E','ECONOMY',1),(3098,20,'15F','ECONOMY',1),(3099,20,'16A','ECONOMY',1),(3100,20,'16B','ECONOMY',1),(3101,20,'16C','ECONOMY',1),(3102,20,'16D','ECONOMY',1),(3103,20,'16E','ECONOMY',1),(3104,20,'16F','ECONOMY',1),(3105,20,'17A','ECONOMY',1),(3106,20,'17B','ECONOMY',1),(3107,20,'17C','ECONOMY',1),(3108,20,'17D','ECONOMY',1),(3109,20,'17E','ECONOMY',1),(3110,20,'17F','ECONOMY',1),(3111,20,'18A','ECONOMY',1),(3112,20,'18B','ECONOMY',1),(3113,20,'18C','ECONOMY',1),(3114,20,'18D','ECONOMY',1),(3115,20,'18E','ECONOMY',1),(3116,20,'18F','ECONOMY',1),(3117,20,'19A','ECONOMY',1),(3118,20,'19B','ECONOMY',1),(3119,20,'19C','ECONOMY',1),(3120,20,'19D','ECONOMY',1),(3121,20,'19E','ECONOMY',1),(3122,20,'19F','ECONOMY',1),(3123,20,'20A','ECONOMY',1),(3124,20,'20B','ECONOMY',1),(3125,20,'20C','ECONOMY',1),(3126,20,'20D','ECONOMY',1),(3127,20,'20E','ECONOMY',1),(3128,20,'20F','ECONOMY',1),(3129,20,'21A','ECONOMY',1),(3130,20,'21B','ECONOMY',1),(3131,20,'21C','ECONOMY',1),(3132,20,'21D','ECONOMY',1),(3133,20,'21E','ECONOMY',1),(3134,20,'21F','ECONOMY',1),(3135,20,'22A','ECONOMY',1),(3136,20,'22B','ECONOMY',1),(3137,20,'22C','ECONOMY',1),(3138,20,'22D','ECONOMY',1),(3139,20,'22E','ECONOMY',1),(3140,20,'22F','ECONOMY',1),(3141,20,'23A','ECONOMY',1),(3142,20,'23B','ECONOMY',1),(3143,20,'23C','ECONOMY',1),(3144,20,'23D','ECONOMY',1),(3145,20,'23E','ECONOMY',1),(3146,20,'23F','ECONOMY',1),(3147,20,'24A','ECONOMY',1),(3148,20,'24B','ECONOMY',1),(3149,20,'24C','ECONOMY',1),(3150,20,'24D','ECONOMY',1),(3151,20,'24E','ECONOMY',1),(3152,20,'24F','ECONOMY',1),(3153,20,'25A','ECONOMY',1),(3154,20,'25B','ECONOMY',1),(3155,20,'25C','ECONOMY',1),(3156,20,'25D','ECONOMY',1),(3157,20,'25E','ECONOMY',1),(3158,20,'25F','ECONOMY',1),(3159,20,'26A','BUSINESS',1),(3160,20,'26B','BUSINESS',1),(3161,20,'26C','BUSINESS',1),(3162,20,'26D','BUSINESS',1),(3163,20,'26E','BUSINESS',1),(3164,20,'27A','BUSINESS',1),(3165,20,'27B','BUSINESS',1),(3166,20,'27C','BUSINESS',1),(3167,20,'27D','BUSINESS',1),(3168,20,'27E','BUSINESS',1),(3169,20,'28A','BUSINESS',1),(3170,20,'28B','BUSINESS',1),(3171,20,'28C','BUSINESS',1),(3172,20,'28D','BUSINESS',1),(3173,20,'28E','BUSINESS',1),(3174,20,'29A','BUSINESS',1),(3175,20,'29B','BUSINESS',1),(3176,20,'29C','BUSINESS',1),(3177,20,'29D','BUSINESS',1),(3178,20,'29E','BUSINESS',1),(3179,20,'30A','BUSINESS',1),(3180,20,'30B','BUSINESS',1),(3181,20,'30C','BUSINESS',1),(3182,20,'30D','BUSINESS',1),(3183,20,'30E','BUSINESS',1),(3184,20,'31A','BUSINESS',1),(3185,20,'31B','BUSINESS',1),(3186,20,'31C','BUSINESS',1),(3187,20,'31D','BUSINESS',1),(3188,20,'31E','BUSINESS',1),(3189,20,'32A','FIRST',1),(3190,20,'32B','FIRST',1),(3191,20,'32C','FIRST',1),(3192,20,'32D','FIRST',1),(3193,20,'33A','FIRST',1),(3194,20,'33B','FIRST',1),(3195,20,'33C','FIRST',1),(3196,20,'33D','FIRST',1),(3197,7,'1A','ECONOMY',1),(3198,7,'1B','ECONOMY',1),(3199,7,'1C','ECONOMY',1),(3200,7,'1D','ECONOMY',1),(3201,7,'1E','ECONOMY',1),(3202,7,'1F','ECONOMY',1),(3203,7,'2A','ECONOMY',1),(3204,7,'2B','ECONOMY',1),(3205,7,'2C','ECONOMY',1),(3206,7,'2D','ECONOMY',1),(3207,7,'2E','ECONOMY',1),(3208,7,'2F','ECONOMY',1),(3209,7,'3A','ECONOMY',1),(3210,7,'3B','ECONOMY',1),(3211,7,'3C','ECONOMY',1),(3212,7,'3D','ECONOMY',1),(3213,7,'3E','ECONOMY',1),(3214,7,'3F','ECONOMY',1),(3215,7,'4A','ECONOMY',1),(3216,7,'4B','ECONOMY',1),(3217,7,'4C','ECONOMY',1),(3218,7,'4D','ECONOMY',1),(3219,7,'4E','ECONOMY',1),(3220,7,'4F','ECONOMY',1),(3221,7,'5A','ECONOMY',1),(3222,7,'5B','ECONOMY',1),(3223,7,'5C','ECONOMY',1),(3224,7,'5D','ECONOMY',1),(3225,7,'5E','ECONOMY',1),(3226,7,'5F','ECONOMY',1),(3227,7,'6A','ECONOMY',1),(3228,7,'6B','ECONOMY',1),(3229,7,'6C','ECONOMY',1),(3230,7,'6D','ECONOMY',1),(3231,7,'6E','ECONOMY',1),(3232,7,'6F','ECONOMY',1),(3233,7,'7A','ECONOMY',1),(3234,7,'7B','ECONOMY',1),(3235,7,'7C','ECONOMY',1),(3236,7,'7D','ECONOMY',1),(3237,7,'7E','ECONOMY',1),(3238,7,'7F','ECONOMY',1),(3239,7,'8A','ECONOMY',1),(3240,7,'8B','ECONOMY',1),(3241,7,'8C','ECONOMY',1),(3242,7,'8D','ECONOMY',1),(3243,7,'8E','ECONOMY',1),(3244,7,'8F','ECONOMY',1),(3245,7,'9A','ECONOMY',1),(3246,7,'9B','ECONOMY',1),(3247,7,'9C','ECONOMY',1),(3248,7,'9D','ECONOMY',1),(3249,7,'9E','ECONOMY',1),(3250,7,'9F','ECONOMY',1),(3251,7,'10A','ECONOMY',1),(3252,7,'10B','ECONOMY',1),(3253,7,'10C','ECONOMY',1),(3254,7,'10D','ECONOMY',1),(3255,7,'10E','ECONOMY',1),(3256,7,'10F','ECONOMY',1),(3257,7,'11A','ECONOMY',1),(3258,7,'11B','ECONOMY',1),(3259,7,'11C','ECONOMY',1),(3260,7,'11D','ECONOMY',1),(3261,7,'11E','ECONOMY',1),(3262,7,'11F','ECONOMY',1),(3263,7,'12A','ECONOMY',1),(3264,7,'12B','ECONOMY',1),(3265,7,'12C','ECONOMY',1),(3266,7,'12D','ECONOMY',1),(3267,7,'12E','ECONOMY',1),(3268,7,'12F','ECONOMY',1),(3269,7,'13A','ECONOMY',1),(3270,7,'13B','ECONOMY',1),(3271,7,'13C','ECONOMY',1),(3272,7,'13D','ECONOMY',1),(3273,7,'13E','ECONOMY',1),(3274,7,'13F','ECONOMY',1),(3275,7,'14A','ECONOMY',1),(3276,7,'14B','ECONOMY',1),(3277,7,'14C','ECONOMY',1),(3278,7,'14D','ECONOMY',1),(3279,7,'14E','ECONOMY',1),(3280,7,'14F','ECONOMY',1),(3281,7,'15A','ECONOMY',1),(3282,7,'15B','ECONOMY',1),(3283,7,'15C','ECONOMY',1),(3284,7,'15D','ECONOMY',1),(3285,7,'15E','ECONOMY',1),(3286,7,'15F','ECONOMY',1),(3287,7,'16A','ECONOMY',1),(3288,7,'16B','ECONOMY',1),(3289,7,'16C','ECONOMY',1),(3290,7,'16D','ECONOMY',1),(3291,7,'16E','ECONOMY',1),(3292,7,'16F','ECONOMY',1),(3293,7,'17A','ECONOMY',1),(3294,7,'17B','ECONOMY',1),(3295,7,'17C','ECONOMY',1),(3296,7,'17D','ECONOMY',1),(3297,7,'17E','ECONOMY',1),(3298,7,'17F','ECONOMY',1),(3299,7,'18A','ECONOMY',1),(3300,7,'18B','ECONOMY',1),(3301,7,'18C','ECONOMY',1),(3302,7,'18D','ECONOMY',1),(3303,7,'18E','ECONOMY',1),(3304,7,'18F','ECONOMY',1),(3305,7,'19A','ECONOMY',1),(3306,7,'19B','ECONOMY',1),(3307,7,'19C','ECONOMY',1),(3308,7,'19D','ECONOMY',1),(3309,7,'19E','ECONOMY',1),(3310,7,'19F','ECONOMY',1),(3311,7,'20A','ECONOMY',1),(3312,7,'20B','ECONOMY',1),(3313,7,'20C','ECONOMY',1),(3314,7,'20D','ECONOMY',1),(3315,7,'20E','ECONOMY',1),(3316,7,'20F','ECONOMY',1),(3317,7,'21A','ECONOMY',1),(3318,7,'21B','ECONOMY',1),(3319,7,'21C','ECONOMY',1),(3320,7,'21D','ECONOMY',1),(3321,7,'21E','ECONOMY',1),(3322,7,'21F','ECONOMY',1),(3323,7,'22A','ECONOMY',1),(3324,7,'22B','ECONOMY',1),(3325,7,'22C','ECONOMY',1),(3326,7,'22D','ECONOMY',1),(3327,7,'22E','ECONOMY',1),(3328,7,'22F','ECONOMY',1),(3329,7,'23A','ECONOMY',1),(3330,7,'23B','ECONOMY',1),(3331,7,'23C','ECONOMY',1),(3332,7,'23D','ECONOMY',1),(3333,7,'23E','ECONOMY',1),(3334,7,'23F','ECONOMY',1),(3335,7,'24A','ECONOMY',1),(3336,7,'24B','ECONOMY',1),(3337,7,'24C','ECONOMY',1),(3338,7,'24D','ECONOMY',1),(3339,7,'24E','ECONOMY',1),(3340,7,'24F','ECONOMY',1),(3341,7,'25A','ECONOMY',1),(3342,7,'25B','ECONOMY',1),(3343,7,'25C','ECONOMY',1),(3344,7,'25D','ECONOMY',1),(3345,7,'25E','ECONOMY',1),(3346,7,'25F','ECONOMY',1),(3347,7,'26A','BUSINESS',1),(3348,7,'26B','BUSINESS',1),(3349,7,'26C','BUSINESS',1),(3350,7,'26D','BUSINESS',1),(3351,7,'26E','BUSINESS',1),(3352,7,'27A','BUSINESS',1),(3353,7,'27B','BUSINESS',1),(3354,7,'27C','BUSINESS',1),(3355,7,'27D','BUSINESS',1),(3356,7,'27E','BUSINESS',1),(3357,7,'28A','BUSINESS',1),(3358,7,'28B','BUSINESS',1),(3359,7,'28C','BUSINESS',1),(3360,7,'28D','BUSINESS',1),(3361,7,'28E','BUSINESS',1),(3362,7,'29A','BUSINESS',1),(3363,7,'29B','BUSINESS',1),(3364,7,'29C','BUSINESS',1),(3365,7,'29D','BUSINESS',1),(3366,7,'29E','BUSINESS',1),(3367,7,'30A','BUSINESS',1),(3368,7,'30B','BUSINESS',1),(3369,7,'30C','BUSINESS',1),(3370,7,'30D','BUSINESS',1),(3371,7,'30E','BUSINESS',1),(3372,7,'31A','BUSINESS',1),(3373,7,'31B','BUSINESS',1),(3374,7,'31C','BUSINESS',1),(3375,7,'31D','BUSINESS',1),(3376,7,'31E','BUSINESS',1),(3377,7,'32A','FIRST',1),(3378,7,'32B','FIRST',1),(3379,7,'32C','FIRST',1),(3380,7,'32D','FIRST',1),(3381,7,'33A','FIRST',1),(3382,7,'33B','FIRST',1),(3383,7,'33C','FIRST',1),(3384,7,'33D','FIRST',1),(3385,11,'1A','ECONOMY',1),(3386,11,'1B','ECONOMY',1),(3387,11,'1C','ECONOMY',1),(3388,11,'1D','ECONOMY',1),(3389,11,'1E','ECONOMY',1),(3390,11,'1F','ECONOMY',1),(3391,11,'2A','ECONOMY',1),(3392,11,'2B','ECONOMY',1),(3393,11,'2C','ECONOMY',1),(3394,11,'2D','ECONOMY',1),(3395,11,'2E','ECONOMY',1),(3396,11,'2F','ECONOMY',1),(3397,11,'3A','ECONOMY',1),(3398,11,'3B','ECONOMY',1),(3399,11,'3C','ECONOMY',1),(3400,11,'3D','ECONOMY',1),(3401,11,'3E','ECONOMY',1),(3402,11,'3F','ECONOMY',1),(3403,11,'4A','ECONOMY',1),(3404,11,'4B','ECONOMY',1),(3405,11,'4C','ECONOMY',1),(3406,11,'4D','ECONOMY',1),(3407,11,'4E','ECONOMY',1),(3408,11,'4F','ECONOMY',1),(3409,11,'5A','ECONOMY',1),(3410,11,'5B','ECONOMY',1),(3411,11,'5C','ECONOMY',1),(3412,11,'5D','ECONOMY',1),(3413,11,'5E','ECONOMY',1),(3414,11,'5F','ECONOMY',1),(3415,11,'6A','ECONOMY',1),(3416,11,'6B','ECONOMY',1),(3417,11,'6C','ECONOMY',1),(3418,11,'6D','ECONOMY',1),(3419,11,'6E','ECONOMY',1),(3420,11,'6F','ECONOMY',1),(3421,11,'7A','ECONOMY',1),(3422,11,'7B','ECONOMY',1),(3423,11,'7C','ECONOMY',1),(3424,11,'7D','ECONOMY',1),(3425,11,'7E','ECONOMY',1),(3426,11,'7F','ECONOMY',1),(3427,11,'8A','ECONOMY',1),(3428,11,'8B','ECONOMY',1),(3429,11,'8C','ECONOMY',1),(3430,11,'8D','ECONOMY',1),(3431,11,'8E','ECONOMY',1),(3432,11,'8F','ECONOMY',1),(3433,11,'9A','ECONOMY',1),(3434,11,'9B','ECONOMY',1),(3435,11,'9C','ECONOMY',1),(3436,11,'9D','ECONOMY',1),(3437,11,'9E','ECONOMY',1),(3438,11,'9F','ECONOMY',1),(3439,11,'10A','ECONOMY',1),(3440,11,'10B','ECONOMY',1),(3441,11,'10C','ECONOMY',1),(3442,11,'10D','ECONOMY',1),(3443,11,'10E','ECONOMY',1),(3444,11,'10F','ECONOMY',1),(3445,11,'11A','ECONOMY',1),(3446,11,'11B','ECONOMY',1),(3447,11,'11C','ECONOMY',1),(3448,11,'11D','ECONOMY',1),(3449,11,'11E','ECONOMY',1),(3450,11,'11F','ECONOMY',1),(3451,11,'12A','ECONOMY',1),(3452,11,'12B','ECONOMY',1),(3453,11,'12C','ECONOMY',1),(3454,11,'12D','ECONOMY',1),(3455,11,'12E','ECONOMY',1),(3456,11,'12F','ECONOMY',1),(3457,11,'13A','ECONOMY',1),(3458,11,'13B','ECONOMY',1),(3459,11,'13C','ECONOMY',1),(3460,11,'13D','ECONOMY',1),(3461,11,'13E','ECONOMY',1),(3462,11,'13F','ECONOMY',1),(3463,11,'14A','ECONOMY',1),(3464,11,'14B','ECONOMY',1),(3465,11,'14C','ECONOMY',1),(3466,11,'14D','ECONOMY',1),(3467,11,'14E','ECONOMY',1),(3468,11,'14F','ECONOMY',1),(3469,11,'15A','ECONOMY',1),(3470,11,'15B','ECONOMY',1),(3471,11,'15C','ECONOMY',1),(3472,11,'15D','ECONOMY',1),(3473,11,'15E','ECONOMY',1),(3474,11,'15F','ECONOMY',1),(3475,11,'16A','ECONOMY',1),(3476,11,'16B','ECONOMY',1),(3477,11,'16C','ECONOMY',1),(3478,11,'16D','ECONOMY',1),(3479,11,'16E','ECONOMY',1),(3480,11,'16F','ECONOMY',1),(3481,11,'17A','ECONOMY',1),(3482,11,'17B','ECONOMY',1),(3483,11,'17C','ECONOMY',1),(3484,11,'17D','ECONOMY',1),(3485,11,'17E','ECONOMY',1),(3486,11,'17F','ECONOMY',1),(3487,11,'18A','ECONOMY',1),(3488,11,'18B','ECONOMY',1),(3489,11,'18C','ECONOMY',1),(3490,11,'18D','ECONOMY',1),(3491,11,'18E','ECONOMY',1),(3492,11,'18F','ECONOMY',1),(3493,11,'19A','ECONOMY',1),(3494,11,'19B','ECONOMY',1),(3495,11,'19C','ECONOMY',1),(3496,11,'19D','ECONOMY',1),(3497,11,'19E','ECONOMY',1),(3498,11,'19F','ECONOMY',1),(3499,11,'20A','ECONOMY',1),(3500,11,'20B','ECONOMY',1),(3501,11,'20C','ECONOMY',1),(3502,11,'20D','ECONOMY',1),(3503,11,'20E','ECONOMY',1),(3504,11,'20F','ECONOMY',1),(3505,11,'21A','ECONOMY',1),(3506,11,'21B','ECONOMY',1),(3507,11,'21C','ECONOMY',1),(3508,11,'21D','ECONOMY',1),(3509,11,'21E','ECONOMY',1),(3510,11,'21F','ECONOMY',1),(3511,11,'22A','ECONOMY',1),(3512,11,'22B','ECONOMY',1),(3513,11,'22C','ECONOMY',1),(3514,11,'22D','ECONOMY',1),(3515,11,'22E','ECONOMY',1),(3516,11,'22F','ECONOMY',1),(3517,11,'23A','ECONOMY',1),(3518,11,'23B','ECONOMY',1),(3519,11,'23C','ECONOMY',1),(3520,11,'23D','ECONOMY',1),(3521,11,'23E','ECONOMY',1),(3522,11,'23F','ECONOMY',1),(3523,11,'24A','ECONOMY',1),(3524,11,'24B','ECONOMY',1),(3525,11,'24C','ECONOMY',1),(3526,11,'24D','ECONOMY',1),(3527,11,'24E','ECONOMY',1),(3528,11,'24F','ECONOMY',1),(3529,11,'25A','ECONOMY',1),(3530,11,'25B','ECONOMY',1),(3531,11,'25C','ECONOMY',1),(3532,11,'25D','ECONOMY',1),(3533,11,'25E','ECONOMY',1),(3534,11,'25F','ECONOMY',1),(3535,11,'26A','BUSINESS',1),(3536,11,'26B','BUSINESS',1),(3537,11,'26C','BUSINESS',1),(3538,11,'26D','BUSINESS',1),(3539,11,'26E','BUSINESS',1),(3540,11,'27A','BUSINESS',1),(3541,11,'27B','BUSINESS',1),(3542,11,'27C','BUSINESS',1),(3543,11,'27D','BUSINESS',1),(3544,11,'27E','BUSINESS',1),(3545,11,'28A','BUSINESS',1),(3546,11,'28B','BUSINESS',1),(3547,11,'28C','BUSINESS',1),(3548,11,'28D','BUSINESS',1),(3549,11,'28E','BUSINESS',1),(3550,11,'29A','BUSINESS',1),(3551,11,'29B','BUSINESS',1),(3552,11,'29C','BUSINESS',1),(3553,11,'29D','BUSINESS',1),(3554,11,'29E','BUSINESS',1),(3555,11,'30A','BUSINESS',1),(3556,11,'30B','BUSINESS',1),(3557,11,'30C','BUSINESS',1),(3558,11,'30D','BUSINESS',1),(3559,11,'30E','BUSINESS',1),(3560,11,'31A','BUSINESS',1),(3561,11,'31B','BUSINESS',1),(3562,11,'31C','BUSINESS',1),(3563,11,'31D','BUSINESS',1),(3564,11,'31E','BUSINESS',1),(3565,11,'32A','FIRST',1),(3566,11,'32B','FIRST',1),(3567,11,'32C','FIRST',1),(3568,11,'32D','FIRST',1),(3569,11,'33A','FIRST',1),(3570,11,'33B','FIRST',1),(3571,11,'33C','FIRST',1),(3572,11,'33D','FIRST',1),(3573,17,'1A','ECONOMY',1),(3574,17,'1B','ECONOMY',1),(3575,17,'1C','ECONOMY',1),(3576,17,'1D','ECONOMY',1),(3577,17,'1E','ECONOMY',1),(3578,17,'1F','ECONOMY',1),(3579,17,'2A','ECONOMY',1),(3580,17,'2B','ECONOMY',1),(3581,17,'2C','ECONOMY',1),(3582,17,'2D','ECONOMY',1),(3583,17,'2E','ECONOMY',1),(3584,17,'2F','ECONOMY',1),(3585,17,'3A','ECONOMY',1),(3586,17,'3B','ECONOMY',1),(3587,17,'3C','ECONOMY',1),(3588,17,'3D','ECONOMY',1),(3589,17,'3E','ECONOMY',1),(3590,17,'3F','ECONOMY',1),(3591,17,'4A','ECONOMY',1),(3592,17,'4B','ECONOMY',1),(3593,17,'4C','ECONOMY',1),(3594,17,'4D','ECONOMY',1),(3595,17,'4E','ECONOMY',1),(3596,17,'4F','ECONOMY',1),(3597,17,'5A','ECONOMY',1),(3598,17,'5B','ECONOMY',1),(3599,17,'5C','ECONOMY',1),(3600,17,'5D','ECONOMY',1),(3601,17,'5E','ECONOMY',1),(3602,17,'5F','ECONOMY',1),(3603,17,'6A','ECONOMY',1),(3604,17,'6B','ECONOMY',1),(3605,17,'6C','ECONOMY',1),(3606,17,'6D','ECONOMY',1),(3607,17,'6E','ECONOMY',1),(3608,17,'6F','ECONOMY',1),(3609,17,'7A','ECONOMY',1),(3610,17,'7B','ECONOMY',1),(3611,17,'7C','ECONOMY',1),(3612,17,'7D','ECONOMY',1),(3613,17,'7E','ECONOMY',1),(3614,17,'7F','ECONOMY',1),(3615,17,'8A','ECONOMY',1),(3616,17,'8B','ECONOMY',1),(3617,17,'8C','ECONOMY',1),(3618,17,'8D','ECONOMY',1),(3619,17,'8E','ECONOMY',1),(3620,17,'8F','ECONOMY',1),(3621,17,'9A','ECONOMY',1),(3622,17,'9B','ECONOMY',1),(3623,17,'9C','ECONOMY',1),(3624,17,'9D','ECONOMY',1),(3625,17,'9E','ECONOMY',1),(3626,17,'9F','ECONOMY',1),(3627,17,'10A','ECONOMY',1),(3628,17,'10B','ECONOMY',1),(3629,17,'10C','ECONOMY',1),(3630,17,'10D','ECONOMY',1),(3631,17,'10E','ECONOMY',1),(3632,17,'10F','ECONOMY',1),(3633,17,'11A','ECONOMY',1),(3634,17,'11B','ECONOMY',1),(3635,17,'11C','ECONOMY',1),(3636,17,'11D','ECONOMY',1),(3637,17,'11E','ECONOMY',1),(3638,17,'11F','ECONOMY',1),(3639,17,'12A','ECONOMY',1),(3640,17,'12B','ECONOMY',1),(3641,17,'12C','ECONOMY',1),(3642,17,'12D','ECONOMY',1),(3643,17,'12E','ECONOMY',1),(3644,17,'12F','ECONOMY',1),(3645,17,'13A','ECONOMY',1),(3646,17,'13B','ECONOMY',1),(3647,17,'13C','ECONOMY',1),(3648,17,'13D','ECONOMY',1),(3649,17,'13E','ECONOMY',1),(3650,17,'13F','ECONOMY',1),(3651,17,'14A','ECONOMY',1),(3652,17,'14B','ECONOMY',1),(3653,17,'14C','ECONOMY',1),(3654,17,'14D','ECONOMY',1),(3655,17,'14E','ECONOMY',1),(3656,17,'14F','ECONOMY',1),(3657,17,'15A','ECONOMY',1),(3658,17,'15B','ECONOMY',1),(3659,17,'15C','ECONOMY',1),(3660,17,'15D','ECONOMY',1),(3661,17,'15E','ECONOMY',1),(3662,17,'15F','ECONOMY',1),(3663,17,'16A','ECONOMY',1),(3664,17,'16B','ECONOMY',1),(3665,17,'16C','ECONOMY',1),(3666,17,'16D','ECONOMY',1),(3667,17,'16E','ECONOMY',1),(3668,17,'16F','ECONOMY',1),(3669,17,'17A','ECONOMY',1),(3670,17,'17B','ECONOMY',1),(3671,17,'17C','ECONOMY',1),(3672,17,'17D','ECONOMY',1),(3673,17,'17E','ECONOMY',1),(3674,17,'17F','ECONOMY',1),(3675,17,'18A','ECONOMY',1),(3676,17,'18B','ECONOMY',1),(3677,17,'18C','ECONOMY',1),(3678,17,'18D','ECONOMY',1),(3679,17,'18E','ECONOMY',1),(3680,17,'18F','ECONOMY',1),(3681,17,'19A','ECONOMY',1),(3682,17,'19B','ECONOMY',1),(3683,17,'19C','ECONOMY',1),(3684,17,'19D','ECONOMY',1),(3685,17,'19E','ECONOMY',1),(3686,17,'19F','ECONOMY',1),(3687,17,'20A','ECONOMY',1),(3688,17,'20B','ECONOMY',1),(3689,17,'20C','ECONOMY',1),(3690,17,'20D','ECONOMY',1),(3691,17,'20E','ECONOMY',1),(3692,17,'20F','ECONOMY',1),(3693,17,'21A','ECONOMY',1),(3694,17,'21B','ECONOMY',1),(3695,17,'21C','ECONOMY',1),(3696,17,'21D','ECONOMY',1),(3697,17,'21E','ECONOMY',1),(3698,17,'21F','ECONOMY',1),(3699,17,'22A','ECONOMY',1),(3700,17,'22B','ECONOMY',1),(3701,17,'22C','ECONOMY',1),(3702,17,'22D','ECONOMY',1),(3703,17,'22E','ECONOMY',1),(3704,17,'22F','ECONOMY',1),(3705,17,'23A','ECONOMY',1),(3706,17,'23B','ECONOMY',1),(3707,17,'23C','ECONOMY',1),(3708,17,'23D','ECONOMY',1),(3709,17,'23E','ECONOMY',1),(3710,17,'23F','ECONOMY',1),(3711,17,'24A','ECONOMY',1),(3712,17,'24B','ECONOMY',1),(3713,17,'24C','ECONOMY',1),(3714,17,'24D','ECONOMY',1),(3715,17,'24E','ECONOMY',1),(3716,17,'24F','ECONOMY',1),(3717,17,'25A','ECONOMY',1),(3718,17,'25B','ECONOMY',1),(3719,17,'25C','ECONOMY',1),(3720,17,'25D','ECONOMY',1),(3721,17,'25E','ECONOMY',1),(3722,17,'25F','ECONOMY',1),(3723,17,'26A','BUSINESS',1),(3724,17,'26B','BUSINESS',1),(3725,17,'26C','BUSINESS',1),(3726,17,'26D','BUSINESS',1),(3727,17,'26E','BUSINESS',1),(3728,17,'27A','BUSINESS',1),(3729,17,'27B','BUSINESS',1),(3730,17,'27C','BUSINESS',1),(3731,17,'27D','BUSINESS',1),(3732,17,'27E','BUSINESS',1),(3733,17,'28A','BUSINESS',1),(3734,17,'28B','BUSINESS',1),(3735,17,'28C','BUSINESS',1),(3736,17,'28D','BUSINESS',1),(3737,17,'28E','BUSINESS',1),(3738,17,'29A','BUSINESS',1),(3739,17,'29B','BUSINESS',1),(3740,17,'29C','BUSINESS',1),(3741,17,'29D','BUSINESS',1),(3742,17,'29E','BUSINESS',1),(3743,17,'30A','BUSINESS',1),(3744,17,'30B','BUSINESS',1),(3745,17,'30C','BUSINESS',1),(3746,17,'30D','BUSINESS',1),(3747,17,'30E','BUSINESS',1),(3748,17,'31A','BUSINESS',1),(3749,17,'31B','BUSINESS',1),(3750,17,'31C','BUSINESS',1),(3751,17,'31D','BUSINESS',1),(3752,17,'31E','BUSINESS',1),(3753,17,'32A','FIRST',1),(3754,17,'32B','FIRST',1),(3755,17,'32C','FIRST',1),(3756,17,'32D','FIRST',1),(3757,17,'33A','FIRST',1),(3758,17,'33B','FIRST',1),(3759,17,'33C','FIRST',1),(3760,17,'33D','FIRST',1),(3761,27,'1A','ECONOMY',1),(3762,27,'1B','ECONOMY',1),(3763,27,'1C','ECONOMY',1),(3764,27,'2A','ECONOMY',1),(3765,27,'2B','ECONOMY',0),(3766,27,'2C','ECONOMY',1),(3767,27,'3A','ECONOMY',1),(3768,27,'3B','ECONOMY',1),(3769,27,'3C','ECONOMY',1),(3770,27,'4A','ECONOMY',1),(3771,27,'4B','ECONOMY',1),(3772,27,'4C','ECONOMY',1),(3773,27,'5A','ECONOMY',1),(3774,27,'5B','ECONOMY',1),(3775,27,'5C','ECONOMY',1),(3776,27,'6A','ECONOMY',1),(3777,27,'6B','ECONOMY',0),(3778,27,'6C','ECONOMY',1),(3779,27,'7A','ECONOMY',1),(3780,27,'7B','ECONOMY',1),(3781,27,'7C','ECONOMY',1),(3782,27,'8A','ECONOMY',1),(3783,27,'8B','ECONOMY',1),(3784,27,'8C','ECONOMY',1),(3785,27,'10A','BUSINESS',1),(3786,27,'10B','BUSINESS',1),(3787,27,'10C','BUSINESS',1),(3788,27,'11A','BUSINESS',0),(3789,27,'11B','BUSINESS',0),(3790,27,'11C','BUSINESS',1),(3791,27,'12A','BUSINESS',1),(3792,27,'12B','BUSINESS',1),(3793,27,'12C','BUSINESS',0),(3794,27,'15A','FIRST',1),(3795,27,'15B','FIRST',0),(3796,27,'16A','FIRST',0),(3797,27,'16B','FIRST',0),(3798,28,'1A','ECONOMY',1),(3799,28,'1B','ECONOMY',1),(3800,28,'1C','ECONOMY',1),(3801,28,'2A','ECONOMY',1),(3802,28,'2B','ECONOMY',0),(3803,28,'2C','ECONOMY',1),(3804,28,'3A','ECONOMY',1),(3805,28,'3B','ECONOMY',1),(3806,28,'3C','ECONOMY',1),(3807,28,'4A','ECONOMY',1),(3808,28,'4B','ECONOMY',1),(3809,28,'4C','ECONOMY',1),(3810,28,'5A','ECONOMY',1),(3811,28,'5B','ECONOMY',1),(3812,28,'5C','ECONOMY',1),(3813,28,'6A','ECONOMY',1),(3814,28,'6B','ECONOMY',0),(3815,28,'6C','ECONOMY',1),(3816,28,'7A','ECONOMY',1),(3817,28,'7B','ECONOMY',1),(3818,28,'7C','ECONOMY',1),(3819,28,'8A','ECONOMY',1),(3820,28,'8B','ECONOMY',1),(3821,28,'8C','ECONOMY',1),(3822,28,'10A','BUSINESS',1),(3823,28,'10B','BUSINESS',1),(3824,28,'10C','BUSINESS',1),(3825,28,'11A','BUSINESS',1),(3826,28,'11B','BUSINESS',0),(3827,28,'11C','BUSINESS',1),(3828,28,'12A','BUSINESS',1),(3829,28,'12B','BUSINESS',1),(3830,28,'12C','BUSINESS',1),(3831,28,'15A','FIRST',1),(3832,28,'15B','FIRST',1),(3833,28,'16A','FIRST',1),(3834,28,'16B','FIRST',0);
/*!40000 ALTER TABLE `seats` ENABLE KEYS */;
UNLOCK TABLES;
/*!40103 SET TIME_ZONE=@OLD_TIME_ZONE */;

/*!40101 SET SQL_MODE=@OLD_SQL_MODE */;
/*!40014 SET FOREIGN_KEY_CHECKS=@OLD_FOREIGN_KEY_CHECKS */;
/*!40014 SET UNIQUE_CHECKS=@OLD_UNIQUE_CHECKS */;
/*!40101 SET CHARACTER_SET_CLIENT=@OLD_CHARACTER_SET_CLIENT */;
/*!40101 SET CHARACTER_SET_RESULTS=@OLD_CHARACTER_SET_RESULTS */;
/*!40101 SET COLLATION_CONNECTION=@OLD_COLLATION_CONNECTION */;
/*!40111 SET SQL_NOTES=@OLD_SQL_NOTES */;

-- Dump completed on 2025-10-31 19:41:12
